node,cluster,x,y
0608Zdd,0,1.918457,-9.649817
0ilHand,0,4.1912947,-7.3613214
101Biography,0,3.3127117,-8.69868
10Fornite,0,1.9268717,-10.096686
10NewsFirstMelb,0,4.30248,-24.405449
11pistache,2,-34.364513,57.746246
1313lyoshikoy,0,19.996117,-8.766388
1AmericanGirl,1,-6.8696637,28.012253
1daysooner,0,5.494017,-23.578554
1f8PVxouToaU0R9,2,-35.759514,57.073
1loriking,2,-34.697285,56.05619
1point15,2,-35.19606,56.40325
1taiwantalk,0,4.5686064,-23.172722
2011teacher,2,-35.363472,57.39453
2020Smiles,0,3.3369203,-8.593966
211Teacher,0,6.314584,-22.354168
212elieli212,2,-35.691196,56.17869
26aball,2,-35.727783,56.084705
2alphabet6,1,-9.129699,26.956623
2frodxus,2,-26.135204,60.522255
2haveandhavenot,0,2.041827,-18.753958
30seconds,2,-8.451265,47.00661
365SportsKE,0,3.30109,-20.316517
3Emedico,1,-6.5916214,28.712133
3fatcats,1,3.3128433,18.991138
42Sz40,2,-35.90896,56.96813
47whitebuffalo,1,-6.4516144,28.597229
4Tchat,2,-36.18843,56.873253
4ahealthyhabit,1,3.6347318,19.454363
4everaPatriot76,0,2.1356497,-18.009687
51LouShelly65,0,3.4304965,-8.633866
5GenocIDe,1,-6.602421,28.736263
5wa,2,-33.145412,58.345215
647_416,1,-6.022605,28.26398
69News,2,-36.225388,56.339226
6bottoms,0,6.3034787,-22.365068
70Formula,2,-36.348873,57.738407
757747544,0,0.8873725,-10.378185
80kz1000e2,1,-9.966147,10.183409
81Hawks,0,5.1757865,-24.282328
8NEWS,2,-35.885433,56.037357
8NewsNow,1,3.754772,19.353197
8worldnews,2,-36.17634,56.167797
92ZId3wUSDVueke,0,5.728156,-23.97581
9JA_Imperialist,2,-34.545406,57.35844
9Joe9,0,4.5398674,-22.48652
AABGU,2,-8.40433,46.752758
AARP,2,-36.16512,56.2219
AAkinsella,1,2.9099016,19.292913
ABCHK12345,0,5.379837,-23.817503
ABR15743285,0,4.521663,-23.766796
ABSCBNNews,0,4.907436,-23.623684
ABatemanHouse,0,4.199648,-7.3377476
ADelgersaikhan,0,4.102128,-7.4616747
AE99892431,0,4.236256,-23.508385
AGG7,0,5.3649235,-23.539835
AImperical,0,1.8628842,-9.69275
AJBlackston,2,-35.00572,58.530224
AJCastorina,2,-35.445507,56.141552
ALBERTOSEVERIN7,0,-9.928884,-7.278429
ALPHANEWS75,0,-9.823132,-7.059779
AM900CHML,2,-35.586647,56.06187
AMDApaltc,0,4.2454147,-7.2951427
ANCALERTS,0,4.9076333,-23.954336
ANDigitalOK,1,-10.229618,10.286546
ANI,0,5.6478963,-23.403938
APAAACI1,1,-9.924257,10.092441
ASHAPAT53041764,1,-10.157619,10.195293
ASaidiani,2,-35.68345,56.105816
AWShepard2,1,-9.191879,26.858809
Aalto_Bio,0,5.661773,-23.79703
Aaron_Derfel,2,-35.65057,55.91524
AbangC2,0,1.875783,-10.096641
AbdulRazaq_PH,0,5.6043878,-24.429226
AbdullahhZahid,0,4.7803516,-23.628939
AbdulsatarBoch1,0,4.9971557,-24.090841
AbhiroopRishi,0,1.1229922,-10.240565
AbkhaziaP,2,-8.556988,46.53746
AboutTrumpBiden,2,-33.162884,58.325977
AccroglianoL,2,-35.400124,57.18483
AcctbleHealth,1,-6.1069226,28.339989
ActorDeborah,0,2.128786,-18.070974
AdavisWilliams,1,3.3420954,19.077906
AdhiamboRosie,0,3.277743,-20.29403
AdityaSharda18,1,3.517483,19.387993
Adm_deRuyter,2,-32.966618,57.761692
AdrianH23960172,0,1.4047371,-18.420343
AdvocateCal,0,4.9000616,-23.552624
Aeey00996468,0,5.4589515,-23.527538
Aethonaia,2,-36.27259,57.478123
AgnesNorman64,0,-9.713031,-6.680713
AhmadHazzim,1,-7.7446895,11.151034
Airdrop8181,2,-36.06713,56.170307
Aisyy1101,2,-34.113857,56.130882
Ajaygolmalgobi,2,-8.521097,46.902664
AkilaSR,1,9.630875,5.5783577
Akshyat_013,2,-35.62351,55.920036
AlArabiya_Eng,2,-34.92705,58.413017
AlanTonelson,1,-6.1464543,28.35791
AldoLema_uy,2,-35.857967,55.96039
AlexGametudi,2,-34.58335,55.91745
AlexInAir,0,5.638104,-23.738846
AlexWitzleben,2,-36.14244,56.42281
AlexZ80365313,0,4.2484965,-7.2712955
Alex_Avalon777,1,-6.609644,28.84367
AliAdair22,0,6.3009987,-22.366734
Alice74904595,2,-36.339535,57.56861
AliceLipowicz,2,-8.6118,46.546677
AlisoNJMutler,0,5.1748176,-23.522057
All435Reps,0,5.7865515,-23.951687
AllieC9,1,-6.9954085,11.688653
Alpha_Bronze,2,-35.869385,55.93673
Alsakal77,0,5.627457,-23.602682
AlturaStudies,0,-3.123939,-6.8337326
AlwaysYellow4,1,-8.467971,18.974117
AlwaystrumpOrg,0,-9.982962,-7.4364223
AmandaFBelfast,0,5.3645144,-23.144547
AmandaH44537365,1,-6.979506,11.707685
AmberNightinga3,0,5.593425,-24.083199
AmericaNov3,0,5.3815675,-24.199717
AmericanLatina5,1,-10.141315,10.304069
AmirisBrown,2,-36.247066,56.383465
AmyV333,0,5.6990194,-23.558199
An_UnCivil_War,0,19.90143,-8.86447
AnalystHealth,2,-35.800804,56.044052
AndreaAdlerPhD,2,-35.861813,56.10607
AndreaAndreamax,0,1.3500911,-18.390558
AndrewJMullen,1,3.2313116,19.16217
Andrews29John,1,3.0170274,19.54757
AndyBailen,0,2.020934,-18.791927
Andym6769,2,-35.898605,56.073627
Ang_Ray_Gallery,0,1.6927314,-18.243484
AngelVillaHdz,1,-6.9687676,11.690674
Angela51144939,0,4.812454,-23.81911
Angie_RejoinEU,0,4.9679356,-23.735418
AnimatorsPal,1,-8.540353,27.494226
AnnRiordan6,0,19.923471,-8.842864
AnnwynRI,1,-7.737104,10.963666
AnsisEgle,0,5.500922,-23.603947
AntarianRani,0,5.583647,-23.564283
ApiWenuwen,2,-34.823483,56.14275
ApocNowPodcast,2,-35.954803,56.070988
Arbutus369,0,-3.0631049,-6.8780584
ArchiPrintUK,2,-33.013905,57.722843
AriefWi48645487,2,-8.259404,46.574394
AriffShihab,0,5.6506147,-23.5421
ArindamTm,2,-34.610527,56.281143
Arjun_fullBag,1,-10.018674,10.046662
ArleneKaplan,0,1.6864185,-19.041533
ArtMeeks,1,-8.426167,19.016487
Art_by_Talitha,1,-8.436972,19.005148
Artificialbra1n,2,-36.409645,57.37644
ArumughamVinu,0,5.027599,-21.040003
AsadLonePhD,2,-8.598976,46.83611
AshaBhavik,1,-10.191421,10.139364
AshleyResistNC,0,3.425537,-8.673086
AsianetNewsEN,0,5.492262,-23.978563
AskMssDidi,2,-35.949085,56.067463
AtifAkr43652524,1,-8.827219,27.240107
AtomicPunk57,2,-35.799095,56.04968
AudreyJarvis,1,-6.983154,11.714731
AuggieAnthuvan,0,4.2254386,-7.3106484
AusKoalaXPress,1,-8.924023,27.16606
AusPosers,1,-6.9709463,28.314474
AwaazToday,1,-6.6783476,28.893839
Ay5e1,2,-35.75846,56.127445
AyrshireBog,0,4.960067,-23.834797
AyyoAyaz,1,9.634783,5.5980363
B1G_BAZ,1,-9.957988,10.418123
B3throx,0,5.1022334,-23.82461
BARTVARGAS,2,-8.245333,46.756718
BBoullion,0,5.697769,-23.98975
BCMDeptMedicine,0,4.283994,-7.466761
BCNewsWire,2,-35.942524,55.995857
BCWaterNews,2,-34.391426,56.42286
BGHeaven,2,-36.10918,56.039165
BIGDOGLOVER2,1,-8.467139,18.974934
BIRD_EYEVIEW,1,-9.954273,10.306767
BJ01123,2,-8.6931,46.548462
BLPP_Leader,1,-6.1564007,28.481247
BMA_NI,2,-36.11573,56.016937
BMo2xl,2,-36.26303,56.670975
BMore_Healthy,0,2.1332798,-18.035809
BNN_Breaking,0,-10.152214,-7.3524246
BNaeece,0,5.578833,-23.892471
BRASIL_ACABOU,0,1.9804924,-9.616879
BRAVENEWEUROPE1,1,-5.989352,28.345802
BRMac6,0,19.917244,-8.852915
BSDhruw2,2,-35.980865,56.042473
BT_IND,2,-36.003944,56.014275
BT_India,2,-36.062126,56.012264
BaaghiTV,1,-7.513315,29.140081
BaharBharat,0,1.9664766,-9.672183
Bahariran7,1,3.2363794,19.409092
BalbanSingh6,1,-7.5959907,10.85106
BaldwinRE,2,-34.611168,55.9366
Balind8,0,4.328103,-23.603312
Balnagowan67,2,-33.870453,57.726677
Baltimorron,0,5.3272543,-23.909527
Barbara96913515,2,-35.769966,55.98609
BarbaraCalvari,1,3.6250153,19.20049
BarbaraWallen10,0,4.3688774,-23.356815
BarbieSnow6,0,5.234909,-23.340136
BarnBurnerNET,2,-34.65037,56.098602
BaruahReal,0,3.277043,-20.28812
BaruchMarxe,2,-8.039525,46.589085
BasuAshis,1,2.2021508,19.115547
BaylessMarilyn,1,2.192754,19.091963
BcTechie,0,5.521525,-23.893883
BeanK511,0,4.482882,-23.036072
BeautifyData,2,-36.05142,57.6563
BehaniPragati,0,4.894615,-24.046364
BelTel,2,-35.67912,56.193558
BeltxaAreta,0,19.944792,-8.823192
Beniwal_Nimbu,0,5.2059736,-23.947813
BesGunner,0,5.1121264,-23.121538
Besmartstaybra1,0,4.9471965,-20.6686
Betramobet,0,5.5845323,-24.197073
BigUncleSam_,0,5.2460365,-23.899218
Bijan_Cyrus,1,-10.100525,10.321058
BillDeGrandpre,0,2.279145,-9.895098
BillForMor,1,3.4553242,19.80293
BillGoodMMA,0,3.3073425,-8.544336
BillSte76080792,0,1.6677418,-19.014618
BioSoft_Inc,0,3.9411492,-7.709295
BiomedJ,2,-36.105045,56.257957
BishesBrew,0,2.1270156,-18.159319
Biz_Lounge,0,5.4699383,-23.68766
BlaqHell,1,-6.4114904,28.679174
Blaueve,0,3.9339283,-7.708117
BlueBoy8000,0,5.4606576,-23.990805
BlueCherubSky,0,6.3086042,-22.356823
BlueVotr,0,5.4251204,-23.975239
BobOxide456,1,-8.986665,10.624803
Bobby39502774,2,-34.691124,57.928818
BobsBlitz,1,-9.276455,26.744165
BohannonSmith1,0,4.549803,-21.660824
BolassietteA,2,-34.86439,57.85025
Bompi_Tortilli,1,1.5328653,18.726923
BondLawFirm,2,-36.04152,56.107735
BornThisWay1966,0,-10.087863,-7.265737
BornToBeMighty,0,6.295025,-22.37206
BosBizAllison,0,5.640826,-24.005852
BoseAvinandan,0,4.890294,-24.121862
Bot_Corona_V,2,-34.490616,57.911224
Bots4Humanity,0,3.595127,-22.462057
BradBellflower2,2,-35.075626,57.10744
BreezyLovinInWV,2,-35.242443,56.506496
BreguKarina,2,-34.310814,57.53712
BrexitBrit,2,-34.230743,56.987835
BridgeBeijing,0,4.0158033,-7.486622
BridgetAshmore,0,4.2876635,-7.228084
BritishHeraldUK,0,5.5570955,-24.1828
BrreniceJ,2,-8.640507,47.173508
Brunasilva1110,1,3.228073,19.1196
BryanAn73380059,2,-34.784107,56.218285
BryanKiprono2,0,3.2766993,-20.293995
Btcfantacy,1,-10.11012,10.171534
Buck68122266,0,5.420489,-23.834154
BunnysBrew,1,-8.845864,27.231422
Burgerfacemcta1,0,5.5210304,-24.073578
CBSNewYork,2,-34.77287,56.028454
CCTVAsiaPacific,0,5.5778766,-23.651669
CECLibrary,2,-34.618435,56.122692
CEEC86_Shuang,0,1.8768318,-9.773426
CEPIvaccines,0,5.069448,-24.45734
CE_Author,1,-7.266244,28.757645
CGArcheta_,2,-8.453477,46.819054
CGH54,1,-10.209753,10.265056
CHBionegocios,2,-35.368675,55.99612
CIDRAP,0,3.3561916,-8.633682
CJBlackwood2,0,19.92713,-8.841905
CNBCTV18News,2,-34.676376,56.757957
CNelimah,1,-7.695879,11.0639515
CORANEWSONLINE,1,-6.9714775,11.705269
COVID19TRACKES,2,-35.91216,56.06139
COVID71825514,2,-35.99084,55.861816
COVIDLive,2,-34.502857,57.651035
COVID_CAN,0,-9.789281,-7.266924
COVID_Evidence,2,-34.970947,55.98944
COVID_Papers,0,4.6056557,-23.724993
COVIDinColorado,1,3.4795392,19.277515
CPublicPress,2,-8.46161,46.45525
CTVNationalNews,0,5.4765034,-23.790182
CTVNews,2,-8.305506,46.374493
CTV_AvisFavaro,0,5.3008647,-23.789999
C_19Vaccine,0,5.301384,-23.739128
CabellsPublish,2,-8.616101,46.612976
CableNewsInt,1,2.7237558,19.108866
Caerage,0,4.154604,-7.4093027
CalZole,0,5.471017,-24.15815
CalmWatersCare,1,3.5282574,19.547388
CamerimageFest,2,-36.11363,56.078312
CapnCrunch83,2,-36.316284,57.539604
CapoVelo,2,-35.524876,55.94174
CaptAKJ,0,1.8498187,-9.819643
Car44963428,0,1.7926427,-18.492596
CarbonCraftLtd,2,-35.330246,57.74054
CarbonUnit1980,0,5.1675696,-23.995407
CareGuardMask,1,-9.985741,10.163141
CarersPB,2,-34.519127,56.2687
CarlaNuevos,1,-10.098112,10.273451
CarlosL28684663,0,5.2800384,-24.065058
CarlosdelRio7,0,4.9133644,-24.016754
CarnellAnita,0,-10.112979,-7.2384567
CarolRo95120069,0,5.0531235,-24.148985
Carolin05749065,2,-31.543821,58.85472
Carolk81663133,0,-10.077225,-7.2607226
Carolyn83516214,2,-8.511746,46.47694
CarryOn54321,0,-10.284128,-7.148066
CastlDalmunzie,0,5.027864,-21.01077
Castoropollux2,1,-5.997917,28.252901
CathyFarrow1,2,-36.002113,56.38218
Celinuchis90,2,-35.638214,57.773182
Cemoto78,2,-34.50509,56.26564
CeoNewsTree,1,-9.097575,10.584487
Change57218494,1,-9.25232,26.750027
Channel54News,0,4.5978823,-22.950645
Charley2021,0,-10.340214,-7.0906434
ChartersAndCo,0,4.2984056,-22.082756
ChavezEdua1234,1,3.641278,19.388424
ChinaDaily,1,-7.714445,11.089039
ChinaObserver2,2,-34.74685,57.842094
ChinaScience,2,-35.172215,56.565857
ChiralMiller,2,-8.2114935,46.619938
ChordUK,2,-35.857372,56.73364
ChrisLancashir3,2,-35.55896,56.9127
ChristRescues,1,-6.8103924,28.458385
Christi24463334,1,2.210929,19.119598
Christunquote,0,4.5192976,-23.29439
Christy85286792,0,2.0888944,-18.073248
ChuckDalldorf,2,-35.153553,58.117184
CianGaia,0,-10.177501,-7.285324
CindiRogers15,1,3.558503,19.302732
CitizensFedUp,0,4.6058893,-22.982027
ClaireBQuinn,0,-10.197873,-7.3754
ClareSt10290127,0,5.213859,-24.250109
Clarksville_TN,1,-10.275752,10.328476
ClausSp27,1,2.7425165,18.864788
ClbChrstnsn,0,5.0292754,-24.05767
Cleavon_MD,0,-10.103452,-7.316927
ClevengerSharon,0,5.099442,-24.104109
CleverBib,1,-10.09736,10.20902
Clin_Owl_Resp,1,-6.9634824,11.724272
CllrBSilvester,0,-10.334658,-7.1327586
Cocolores20,2,-36.177143,56.74729
CodeGnuts,0,4.2862077,-23.006332
CodePolymath,1,-6.9666,28.844038
Cognisant2000,0,5.411871,-24.307138
Colin_CWilliams,1,-6.836698,28.839647
CollectedTimes,1,-9.99558,10.168365
ConnexionFrance,2,-34.34169,57.44575
Conservative_PH,0,4.6487174,-22.952808
Contagion_Live,0,4.061936,-7.4848437
ContextoSinR,2,-36.156788,56.5737
ConwellDarrell,1,-7.7025595,11.086961
Cor3yL,0,4.1879582,-7.3848796
CordeiroRick,2,-35.986977,56.052364
CoronaBot20,1,-7.7226915,29.082401
CoronaRecovery,2,-36.465103,56.63381
CoronaStat,2,-35.81118,56.183445
CoronaStocks,2,-34.99319,58.72383
CoronaUpdateBot,2,-33.927624,58.597008
CoronaVirusDai7,2,-32.64283,58.45699
CoronaVirus_b,2,-35.416504,56.25503
CoronaWorldStat,2,-8.440526,46.69675
Corona_chan_,2,-34.91019,56.360058
CoronavirusArgg,1,3.6415339,19.530754
CoronavirusCD19,2,-35.69086,56.16574
CoronavirusNewv,0,4.9742503,-23.562765
Corowell_Pass,2,-33.874203,56.841175
CorruptNSW,0,-9.977213,-7.222974
CosmoMiddleEast,0,5.519272,-24.18231
Covid19RioNegro,2,-35.852287,56.147472
Covid19Shujaaz,2,-35.73386,56.21489
Covid19TravelUK,2,-35.350647,57.07539
CovidBrazil,2,-35.72354,56.139343
CovidCitSci,2,-8.330671,46.415676
CovidIndiaSeva,2,-31.407679,58.914368
CovidObsessed,0,5.2188983,-24.367216
CovidPete,2,-35.888306,56.39174
CovidTweet,2,-33.928707,56.819378
CovidWa,0,5.092227,-23.929596
CovidenceUK,0,4.8882413,-24.153267
CowboySciFiBot,2,-34.482086,57.419785
CricBollyBuzz,0,4.9215693,-24.391481
CrowdedHead,2,-34.938835,55.97788
CryoPerSea,0,4.159558,-7.38242
Crypto_DeezNutz,2,-33.171494,58.340687
Cs6inw55dz0cap0,2,-28.916557,58.181767
CultureLover_it,2,-34.012463,57.798424
CupofJoeintheD2,0,4.9109907,-24.378006
Cuppy1,0,5.1934776,-23.992846
CyberSecurityN8,2,-35.31724,57.259384
CyberlawConf,2,-35.938873,57.240967
Cybrarian64,0,1.9323395,-9.79131
DCAbloob,0,5.2085247,-24.080189
DCFreespiritDC,1,-6.5680017,28.48051
DDGaddis,0,4.1933384,-7.3447504
DJTMentionsBot,0,5.3713737,-24.361368
DMG_AZ,2,-35.886337,56.256073
DMNorthdistt,2,-35.713524,56.105503
DModexd88,1,-8.4180565,19.023937
DNA_RNA_Uni,2,-36.43183,56.613537
DRicebowl,0,2.1315696,-18.016819
D_nickinc,0,4.994457,-24.059105
DagmarBleasdale,0,19.90945,-8.820976
DailyNewsEgypt,2,-34.855057,57.7834
DailyTheDestin,1,-7.1208878,28.526945
DailyUSANews,0,3.439753,-22.077505
Daimond19800,1,3.0651097,18.896667
DaleNortier,0,5.1220083,-24.44752
DanBennett78,1,-9.702655,10.559736
DanGarrett97,2,-34.877914,56.451534
DanSummersAB2,0,1.8494296,-10.944758
DangHaMai2,1,3.726326,19.364023
DanielBayley80,1,-7.189397,28.523901
DannyWijnhoud,0,5.022195,-21.038351
DannyWilde17,0,1.9991012,-9.635481
Dapperedodo2,0,5.0022073,-24.209442
Dare2BWell,0,4.625401,-23.257141
DarosebrughDeb,0,4.7986135,-23.182085
DarrenNg1106,1,-8.446388,18.99568
DarrylMason,0,5.233663,-23.91164
Dave2307,2,-34.578495,58.094627
DavidHilzenrath,2,-34.96367,58.777363
David_Gryler,1,-8.341187,27.515165
DaviesBooks,0,5.2467823,-23.8964
DazHarmer,2,-33.899464,56.833813
DeadIsAlive3,0,3.811667,-22.807653
Dead_Z0mbie,0,4.57627,-22.560577
DeadpoolUnna,1,-8.449536,18.992538
DeanCrystle,2,-8.576517,46.55069
DebbieSVA,0,4.8818793,-24.276285
DeceitinDrugs,0,5.065703,-24.401316
DefenderValues,0,4.375668,-24.62131
DelilahVeronese,2,-35.855038,56.095966
DeliverTruth__,2,-28.827845,58.22863
DellaBuchanan12,2,-31.520292,58.85104
DelthiaRicks,1,3.4982488,19.406658
DerbyGripe,1,-6.0360594,28.31997
DerikMuah,1,-9.183385,26.938986
DevonCC,1,3.4700427,19.118546
DevonEYCS,1,-10.105455,10.243661
DianeFreeling,2,-35.750854,56.28861
DianeShears,0,5.036366,-24.208763
DianeXavier12,0,4.5356727,-24.742996
DibyajyotiP2015,2,-36.368786,56.64137
DiegoCimino,0,3.9882789,-24.207932
DigbyKale,0,19.950798,-8.868606
DigiThane,2,-35.661133,56.367325
Dill_hindustani,0,4.502466,-24.753035
DisparatePost,0,19.924917,-8.837363
DivaKnevil,0,1.8904955,-10.001455
DivineLove333,0,-9.605858,-6.551287
DivinityMemes,1,-9.51324,10.030843
DizzydotDaisy,1,-8.465583,18.976528
DjCowboy64,2,-34.649837,55.942448
DocCMartin,0,4.2589006,-23.802244
DoctorsForBiden,0,4.627202,-23.317913
DonnaPe62546732,2,-31.536469,58.851246
DonnaShuster2,0,4.0403733,-24.163183
DonnaYoungDC,0,4.9608293,-21.115366
Dorothy30901458,2,-36.308422,57.016064
DostiFM98,1,3.0770018,18.964964
Dplrblmctnght,0,4.516336,-23.09824
DrAhmedKalebi,0,4.260006,-23.318283
DrAnthony,1,-6.7122064,28.538256
DrDenaGrayson,2,-35.737812,56.249588
DrGurdeepParhar,0,-3.0531304,-6.884115
DrHugue,2,-35.661358,56.2229
DrMurad_PTI,2,-35.606636,56.35807
DrPanMD,2,-35.64676,57.567703
DrRohitVarma,2,-36.304745,56.75598
DrRonaldBeach,2,-35.4317,56.28999
DrSenait,0,4.4939175,-23.58981
DrWiseBlog,2,-36.28168,57.866024
DrZhaoYanbo,0,1.9403867,-9.6315775
Dr_AmyD,0,3.3755531,-8.593614
Drawitall,2,-33.340065,58.235588
DrewZola,0,-9.996593,-7.166113
DrumChronicles,0,4.974353,-24.257391
DuaSahildua1,1,2.667125,19.164577
DuggerDigs,1,-6.572765,28.61699
DukeGhic,0,3.8337278,-7.856494
EC_Equality,0,4.6213365,-24.245752
EFEnoticias,1,3.6013715,19.374243
EMSWorldOFCL,0,5.041357,-24.293955
EPlurUnum,0,4.9495497,-23.936327
ESPIDsociety,0,4.8332376,-24.186209
ETBSports,2,-34.70826,56.090054
ETHealthWorld,2,-34.844955,57.75009
EUwatchers,0,4.035309,-22.644823
EZKelley,2,-35.444557,56.478455
EZR_news,0,4.995555,-24.233812
EarthWizardInfo,1,2.731569,18.8871
Earth_Forecast,0,4.8886986,-24.393703
EbonyMissyj,0,1.9460114,-9.755558
Echinanews,0,4.944746,-24.391298
EchoTribune,1,3.574503,19.488789
Edged_In_Blue,1,-6.9719543,11.711506
Egaleonis,0,4.7193985,-24.268236
Eilonwy24,0,4.6506186,-24.417873
ElaineJackson12,1,-7.2517667,28.799265
ElenaBec,2,-35.584316,56.304653
ElinSilveous,0,4.6447864,-24.428358
EmekaOkoye,0,4.145195,-7.3980527
Emine28294880,1,-9.86327,10.249032
EmmesCRO,0,4.179293,-7.3696084
Emperatriz1827,2,-35.576458,56.204792
EpiWhisp,0,19.905727,-8.83885
EpidemicIndex,1,-7.4748235,28.974356
Eric_Allen18,1,-8.700992,27.35656
Eric_Holdeman,2,-36.12899,57.00942
ErinaK19,1,-8.458254,18.98382
ErraticleeM,2,-33.153095,58.285374
EscapeEmporium,0,-9.920072,-6.9714136
EsheHill,0,4.7644362,-24.293839
EssjSongoku,2,-34.58878,55.923576
Estigiaed,0,4.8667846,-24.218693
EugeneS16580264,2,-31.534698,58.851334
EvanKirstel,1,-6.036086,28.351568
EvertonRob1,1,3.1136386,19.449146
ExagenInc,1,-9.073297,10.61126
Expoworldlogis1,0,4.8668523,-24.33028
Extra_Covid19,1,-7.666047,11.049329
Extranenne,0,4.6852026,-24.33023
FABSON_STATION,2,-36.401066,57.430855
FCB007a,0,4.919485,-24.328075
FKUJAK1,0,4.0434957,-23.16548
FOX46News,2,-35.50475,56.152195
FTJ22211,2,-28.906025,58.1895
Faby_Nava77,0,4.745958,-24.29238
FaceMaskPlus_,1,-6.5859222,28.834099
FahimaRita1,2,-33.85763,56.107094
FahimaRita7,2,-34.380203,56.1196
FedUpSpeakinUp,0,1.9597968,-10.135464
FellowHelping,1,-8.440513,19.001587
FergusMcPop,1,3.4785626,19.436455
Figgeduni,0,4.6548944,-24.064293
FinancialMSW,2,-8.418161,46.582664
FinancialXpress,1,-6.0141606,28.434677
Firestorm1776,0,2.1174486,-18.04926
FixPatentLaw,0,4.8244205,-24.47045
Flanders_TX,0,4.7787623,-24.389147
FlightModeblog,2,-34.787476,56.592976
FooooooMedia,2,-8.048973,47.025978
FootballNScrubs,0,4.6864457,-24.416597
ForLoveofaBoy,0,19.90825,-8.860852
ForeverWeDream,1,-6.5184665,28.60722
ForgeRat,2,-34.965275,58.751427
FrankNied,1,-6.993133,11.691976
FreeTibet_in,0,3.3803108,-8.619915
FreeTravelTips,2,-8.618139,46.581078
FyezahJehan,0,4.825412,-24.01282
GCK1923,0,2.120345,-17.997221
GContrarian,0,4.620045,-24.244345
GDNonline,2,-35.74724,56.43822
GEOembassyNL,1,-6.8114257,28.711195
GETAnalysis,2,-35.235863,57.743362
GHS,2,-35.67973,56.283707
GIFFCloud,1,-8.42199,19.020117
GIMaPreceptor,0,4.697782,-24.278223
GNGAgritech,1,-9.657766,10.077777
GVfashion2021,2,-34.065735,57.59112
Gabber07,2,-31.471159,58.88033
GaianLight,2,-8.394984,46.72712
GailWaldby,0,1.4421492,-18.407085
GalaticWind,2,-36.02536,56.359688
Gambiste1,0,4.5518384,-24.328876
GamblerKey,2,-33.52272,58.191586
GameSta72892799,2,-35.36427,56.268997
GanjasmokerCb,1,3.6108758,19.35613
GarySternNY,0,-10.08634,-7.3076086
Gate_15_Analyst,0,-10.0656185,-7.2916636
GavaTatenda,0,-9.415838,-6.947037
GavinGeddes17,2,-34.67828,56.112904
Gazza3The,0,4.4758735,-24.233847
GbAfrique,1,3.4295502,19.350239
GeneOnlineNews,2,-8.533083,46.639538
GeoKabat,0,4.6923795,-24.467243
GeraldoRivera,0,4.6924844,-24.429321
GetMyGist,1,-10.160619,10.139332
Getrealorelse,0,4.6298285,-24.366293
Gillian321,1,-6.956258,11.727081
Gina_Alcera,2,-33.126682,58.35081
GingerMcFall,1,3.487021,19.371788
GladstoneMarian,0,4.6743383,-24.31261
Glo_man,0,4.636257,-24.45999
GlobalPandemics,2,-35.624416,56.30884
GoSolar01,2,-35.674015,56.20183
GodsgiftEli,0,4.553419,-24.381098
Gomez15000,1,3.4328775,19.47482
GoodRobinHood,0,4.5832787,-22.48011
GosOne,2,-35.6408,56.314735
Gourisa31331090,2,-35.68742,56.22454
GozPop,1,3.4983964,19.557621
GrPressing,1,-8.730445,27.375368
GraceBride1,0,3.3945184,-8.632777
GrammyTammyMAGA,0,-10.16037,-7.3244624
Granddaddog,0,4.555685,-24.410225
GrandmaLiz_,0,4.5543776,-23.025486
Grandmc9,0,3.382652,-8.585994
GrantGeek,2,-36.175797,56.956127
GreatGameIndia,1,2.8699121,19.303022
GreaterPak333,2,-28.92003,58.175484
GreenPe52440502,1,3.4681633,19.460257
GregEva82782639,0,4.415734,-24.380602
GregoryDEvans,1,3.419406,19.385487
GreyWol27926578,0,4.4113975,-24.430338
GrimKeeper_,1,-10.1605425,10.191793
GrimesElonTrump,0,5.007151,-20.972075
Gscene,2,-34.301685,57.40646
GuineeTags,1,-6.176139,28.207287
GullstrandJean,0,4.554387,-21.670897
Gummbyman32,0,-10.01388,-7.273519
Gustavi41308746,1,3.6002612,19.493565
HAQQ77453148,2,-34.344696,56.08094
HDAconnect,0,4.5016336,-24.392998
HKerFoockCCP,0,0.9504171,-10.337837
HaMim78055199,2,-33.870766,56.091076
HamiltonRosalie,2,-36.447376,57.261982
Hanifa111222,2,-28.90043,58.18199
Hansa11223,1,3.2302763,18.922117
HarmonyMindBody,2,-36.489403,57.29242
HarryPotterMAGE,0,6.322277,-22.337328
HarrySpoelstra,2,-36.236942,56.77505
HaryaxPathak,1,3.718777,19.394125
HasanHussain07,2,-36.390934,57.58232
HawaiiECoupons1,2,-8.669642,46.59336
HazariNews,1,9.641526,5.5777197
HeadlineKwt,2,-36.513206,56.79867
HealthSite4U,1,-10.12888,10.27237
HealthcareAgg,2,-36.438694,57.377487
HealthierIT,0,-9.398487,-6.7542124
HealthwireMedia,2,-34.598537,58.99351
Healthyproduct0,0,4.6043754,-21.881699
HelixBioPharma,2,-34.923073,58.703686
Helluva87007714,1,-8.43859,19.003468
Henriklubo,1,-6.949537,11.736315
Hervorrager,2,-35.53072,57.63936
HezronMunyakin,0,3.9391003,-7.3335533
HiJCP,0,-9.976361,-7.4396653
HighLordSheriff,0,4.078688,-23.665808
HighfieldsUK,2,-34.22386,57.6287
HillCountryAA,2,-36.22871,57.019035
Hireedu,1,-9.870881,10.068373
HolisticPsy1,0,4.513353,-22.598217
HoltonCarla,2,-36.45232,57.459534
Hope65400140,0,-9.533578,-6.699976
HorneSupremacy,2,-36.40086,57.38389
Hotpage_News,1,-6.9406753,28.027163
HugoBGood,0,3.843293,-22.958706
HumanGentle,0,4.247667,-7.3064413
HumanVacProject,2,-34.856873,58.82255
HumanityProjct,1,-9.982983,10.225038
HumbleS48274010,2,-36.408833,57.331955
Hwnguyinjpn,0,1.9476447,-18.636396
IAM__Network,2,-8.371345,46.78675
IAmFrankButcher,2,-34.920822,57.83654
IDFrabbi,1,3.6865246,19.58348
IFPMA,0,3.7845917,-22.863214
IHEARTUJA,2,-34.94086,56.893143
ILAMHP,2,-36.266136,57.137684
INkosikhonanc,1,3.7131639,19.056854
IPAPharmacies,0,4.052074,-23.227436
IPDefenseForum,2,-36.07026,57.219635
ISpeakHenceIAm,1,3.2413733,18.929995
ITLNLive,0,3.9230669,-7.695053
Iam_njd,1,3.1366937,19.429697
IanGray44757496,0,4.212111,-7.3173904
Icha59979357,2,-28.888742,58.202538
IkbenHansie,2,-8.611661,46.606167
ImBack85720971,0,3.3497968,-8.566534
Incrediblesale1,0,4.5323257,-24.00369
IndiaCovid19Bot,1,3.2901547,19.38115
IndiaPost_News,1,2.6447287,19.428677
IndiaToday,2,-34.672924,57.766464
Indiannewsnetw2,2,-8.360201,46.98862
InfamouSinphony,1,2.7707694,19.232428
InfectedBloodAu,0,4.2840056,-7.2574673
InfoPatan,2,-36.535572,56.76508
InnBioresearch,0,-10.025151,-7.2444296
InsideCroydon,1,3.2940645,18.957724
Inspiredbydavie,1,-8.489969,18.952024
InstituteGC,0,4.4232354,-23.940716
InvestorVenture,2,-35.478706,56.2245
Ira_The_Iron,0,5.009694,-20.969196
IrisM44194941,1,3.2852335,18.944826
IslamKarimu,0,4.626953,-22.422167
IslandCoupons,2,-8.618773,46.66986
IslanderNews,2,-34.997307,58.707947
ItalyHidden,2,-34.58192,55.884205
IvaWest_SE,2,-36.229115,56.75558
IyiolaLeah,1,-9.115014,26.982344
IzlayBeckford,2,-26.12491,60.53176
JATetro,2,-8.5856495,46.633797
JIMMYAURANTE,1,-7.406301,11.314863
JLMayer1610,0,-10.251408,-7.148817
JPFF59683863,1,3.3736804,18.96886
JParkins10,1,-7.6722507,11.100493
JRSterne,0,-10.230431,-7.260461
JSABuilder,2,-36.10742,56.71019
JSixth,1,-8.431955,19.010246
JStatePost,0,4.4525394,-24.152185
JTltmgmc,1,-7.158632,28.801054
JUSTINM2021,0,1.8819855,-10.047597
JVijayBhatt,0,1.8106267,-11.086067
JYLaven,0,4.7420664,-24.365568
JaapTitulaer,0,4.561839,-24.055157
JacinthePayant,0,-10.026599,-7.3221936
JackFtL,0,3.6517372,-22.61654
JacobIs65016824,2,-35.889538,56.21607
JacobKadolph,0,4.9274983,-20.626741
JacobsPromise,2,-8.320881,46.63742
JadeSky13692487,0,1.4261105,-18.393984
JairoLDesigner,0,1.9739121,-9.698733
Jak_ConnorTT,2,-35.667606,56.162342
Jalan333,0,-10.038459,-7.5316377
JamesStarvoice,2,-8.292419,46.905594
Jamestoupin,2,-36.006786,56.262882
JamieReports,1,2.796206,19.575603
JanusKlaasssen,0,4.95667,-23.241245
JasonAd28610392,2,-36.11076,56.205185
JasonSc60372751,2,-34.445534,56.27353
Javier_DiazNido,0,5.0279813,-21.057453
JayChance12,0,4.6012707,-24.265356
Jaz19it,1,-6.607449,28.165632
JdeMontgomerie,1,-7.313757,28.193132
JeanAsh47946358,2,-34.556053,58.359135
JeffreyLuscombe,0,4.7164173,-23.72914
JennaBa75929514,2,-31.51088,58.87281
Jenny00575070,0,4.6736097,-24.354721
JentrixIlusa,0,3.2624774,-20.263264
JeromeOLLIER,2,-36.018734,56.328316
Jerusalem_Post,2,-34.965057,58.75126
JesseC_D,0,4.3032885,-7.215277
Jesusis53688620,0,4.5598655,-24.291784
JhalakPortal,1,2.9929492,19.34024
Jjlanda888,1,2.5801983,19.419422
JoGeo15,0,4.524939,-23.857742
JoJSharpe,1,2.6060123,19.453753
JoanPennnative,0,5.046319,-21.058306
JodyAlford17,0,4.9259677,-23.726826
JoeKingNow,0,4.9702325,-23.546423
JoeMokolobetsi,2,-35.345043,57.321526
JoeSpraga,2,-34.00015,56.90193
JoeyApril10497,0,3.3512378,-8.639286
JohnFowlerTV,0,1.6708531,-19.067873
JohnLynchWTRF,1,-6.2164965,28.354242
JohnMComedy,0,4.401095,-24.308998
JohnNosta,2,-35.93327,56.364582
JohnRoss43,0,4.716899,-23.986965
JollyChateau,0,-9.835672,-6.756349
Jonatha01367030,1,-7.689304,11.079156
JonesRj1964,0,1.2107046,-18.402569
JoshAdam95,0,4.1662765,-7.3966274
JoshStratton8,2,-33.260525,57.699314
JostradamusF,0,2.4057908,-9.955853
JoyceRamgatie2,0,-9.476502,-7.184251
Juan_A_Llorente,2,-36.055317,56.30027
JulieFedup,0,2.1108327,-18.05363
JustTreatment,0,4.991746,-23.843596
JustinHasTalent,1,3.3434067,19.368387
KHOUStephanie,0,4.7342668,-23.776777
KOVO1029,0,3.4064498,-8.642937
KPAonline,2,-35.780346,56.158577
KSt2424,0,-9.391945,-6.888741
KVUE,2,-35.461113,56.251324
KWojtalik,0,4.422064,-24.011646
KamandaRael,0,-10.144298,-7.430686
KaranDe76737049,0,4.7120647,-23.745735
Karen49434003,0,4.771512,-23.968655
KarenWe44853431,0,4.70848,-23.743744
KarinSnippe2,0,5.317971,-23.099176
KaruuJdb,1,3.6028163,19.33565
Kasia_HP,0,4.762879,-23.914642
Kassie917,0,4.430441,-23.37918
KatCapps,0,4.617215,-24.099052
KatherineSureau,1,-5.9662647,28.316742
KathrynRoyle,0,-10.235043,-7.1816354
Katphiche,1,-7.7389603,11.086081
Kaushalya_R_A,1,9.634193,5.6019297
KaushikNath96,0,5.002668,-23.783571
Kaziismail_4,2,-33.879066,56.09233
KeFuller,0,1.9991447,-9.71911
KellyMM75,0,4.619914,-23.30023
Kenrezzy,0,3.6836894,-22.802614
Keren68142790,0,4.9664054,-23.926409
KevinOlivasMedi,1,-5.997291,28.34683
Keymail21,1,-6.3806086,28.629517
Khabarhub_Eng,0,5.1547027,-23.792753
KimHoNguyen,0,-10.094734,-7.236163
KingBan50512521,2,-36.01126,56.18817
Kiplangat_Mosh,0,3.2754915,-20.287952
KitchensGk,1,2.7302957,19.092016
KlaVeld,0,4.922825,-20.615961
KnowCovid19,2,-36.428925,56.612255
Know_HG,2,-35.742752,56.37224
Kokwet_KE,0,3.5994127,-22.068672
KovacsNick,1,-8.28744,27.489697
KrishanaSankar,0,4.8808064,-22.820007
KuyanMalano,0,5.0020704,-24.005636
LA4X51,0,4.625527,-22.485594
LAMuscle,2,-35.29156,57.71274
LEAF15103735,0,-9.790814,-6.9229345
LEJAIIXIX,0,-9.764392,-6.9128523
LFPress,2,-36.086605,56.216133
LJHarteBT,2,-36.015957,56.276615
LJMW169,2,-35.951435,56.205894
LLRobertson75,2,-36.169453,56.169846
LLopezGonzalez,0,5.079996,-24.041029
LMC27001,1,-9.859298,10.108623
LOYALFAN1,2,-36.10617,56.110867
LSVanderver,0,5.181202,-23.985394
LUCKY53724681,0,4.872551,-23.665634
Labcold,0,4.85323,-23.93372
Ladyhartee,1,2.4903183,19.411448
LafeberVet,1,-6.1530647,28.323591
Lambert42401886,0,4.926097,-24.044704
Lanbrick_NY,1,-9.1777315,26.94608
LashiBreathes,0,5.2264385,-23.56811
LatinoMajority,2,-36.086613,57.521843
LatinosMatter,2,-36.054943,56.42683
LaughOutNOW,2,-36.08994,56.231274
Lawrenc96256742,0,4.5335307,-23.292507
LawyersGunsMon1,1,-1.8542281,16.023169
Lee47822912,0,-10.146054,-7.35938
LeeLee54689633,1,-8.571661,27.43556
LehiRed,0,-10.145462,-7.3358274
LeicesterBRC,0,4.7442017,-23.86983
Leif_Life_Laugh,0,4.891311,-22.796886
LenaGoodwin14,2,-31.541016,58.849705
LeonelCarlosPG,0,4.6217575,-21.948269
LesterAldridge,2,-36.088367,56.2167
LexieA53,0,-10.116559,-7.25163
LibertLouisette,1,3.5132997,19.47016
LibrarianGIRL85,2,-36.00911,57.105198
LieBusterSleuth,0,0.9663196,-8.253325
LifeVisio,0,4.197556,-7.3519073
Lillian02440569,0,4.909973,-20.65805
Linda39125805,0,2.2343478,-9.4879465
Linda43874520,0,-9.835728,-7.051077
LindaLiberty9,0,4.0350294,-23.183023
LindaLouWhoH,0,1.4243151,-18.407583
LindaMCameron,0,0.9670152,-8.254529
Lindsay68365003,0,4.719015,-24.02416
Lindsey_ROC,0,5.0190945,-21.005816
LiquidityL,0,4.009805,-22.663351
LisaBurnett82,1,-7.6425896,28.984234
LisaFlemingbook,0,4.541709,-23.784088
LisaMil80497776,0,4.6418643,-23.359394
Listen2Juju,1,2.1337588,19.095488
LittleRed623,0,6.3034716,-22.359066
LiuBaoBei1,0,3.4800353,-8.680908
LivingOntheStar,1,-6.4109683,28.220566
LizGuldvinge,1,-9.265987,9.62502
LochnerWalter,0,-10.173476,-7.262826
LockdownNo,1,-6.38149,28.30888
LoelleF,0,19.921516,-8.8473
LoganWa49207641,1,-6.9590898,28.406694
Lokhandwala_Bom,2,-34.58037,56.22626
LosFelizLedger,1,-6.113531,28.333897
LotusOak2,0,19.988876,-8.837709
LouBlast,0,2.1467602,-17.985493
LouNZAnne1,2,-34.78623,56.055767
LoveIrreverence,1,-9.158019,26.924166
Love_peace_fait,0,3.688754,-22.798021
Lovescience15,1,-10.119774,10.3633
LuanneSimon12,2,-33.76953,57.090137
LuckyCharmMe,0,5.145053,-23.4766
LuisLebron_1,2,-36.126423,56.21161
Lungs_NI,0,4.9522057,-23.952467
Luuk22819033,0,4.8269954,-23.801455
LynnK760,0,3.3911145,-8.62935
Lynx62,0,3.3643136,-8.658762
LyuRuyin,0,4.737038,-23.618504
MAAWLAW,0,1.9135556,-9.743764
MADELONOBELAR,1,3.492656,19.43347
MALTAKYOTO2,1,-6.442267,28.717936
MAzhaan2,2,-34.789345,57.82821
MBUDDMA,1,-7.3364854,11.38796
MDC_News,1,3.6252484,19.357777
MDMacQ,0,19.87797,-8.817224
MDMasud22157612,2,-33.861034,56.060265
MDOT_BWB,1,-10.128947,10.309076
MDSumon_1,2,-36.01711,56.215923
MEGANKE11EY,1,-9.142552,26.947971
MICHEL18741632,1,-7.637114,11.136762
MISSXBUTTERFLYX,1,3.407779,19.514286
MImproxyble,2,-35.45596,57.46802
MJGosper,0,5.051709,-24.179863
MMandawes,0,-10.215596,-7.20936
MN2APatriot357,0,4.5374956,-22.458357
MP49882400,1,-6.338313,28.182888
MRFuad111222,2,-28.884142,58.19777
MRPszcola,0,4.904443,-23.954319
MTone123,2,-8.607731,46.57918
MaAlejaMoreno,1,3.6164134,19.450827
Mac13764407,0,5.2043996,-23.900423
MacFinn44,2,-35.044407,56.460926
MaddestMa,0,4.718218,-23.878126
MadnessStu,1,2.5113533,19.049274
MaggieBailey3,1,-7.268397,28.709332
MahaKal16332172,1,-7.679683,11.06983
Mahimalivenews,2,-33.676403,56.924217
MahirZ313,2,-33.75501,56.110004
MallinenMatti,0,2.094658,-18.04256
MaltheKiilerich,1,3.4408588,19.506252
ManBehindCurta1,0,3.3891056,-8.600518
ManaMohanSwai10,2,-36.436344,56.59565
ManaboutLdn,2,-32.99234,57.77163
ManchesterCovid,1,-6.3969684,28.786077
Mancman10,1,3.5399415,19.365005
MandCompUK,2,-34.80663,56.81689
MandTrainUK,2,-34.912346,56.7749
ManolitoSchutz2,1,-6.988057,11.698365
MansourAlmazro2,0,5.1781716,-23.956915
ManuelC251192,0,4.7762537,-23.916368
MaraDeJ85166617,0,5.157746,-23.888832
MarabellaLancer,0,3.415614,-8.581818
Marco73838565,0,5.2144346,-24.008905
MarcoDaCostaFX,0,4.192161,-7.3475647
Margare89752830,2,-31.546915,58.828217
MariaLolaRoche,1,-7.0254073,28.445097
MariaSammutMasc,0,5.091259,-23.856127
MarioAndersonTV,2,-36.072113,56.32171
MarkBro20860716,2,-32.83242,57.78038
MarkCamero_ATX,0,4.709238,-20.759739
MarkGar21543410,0,5.3091216,-23.983942
MarkHaynes1228,1,-10.048995,10.224311
MartinG8177,1,-6.2177577,28.437838
MartinsPeters4,0,5.219042,-23.848724
MartyMacMurtrie,2,-34.604187,55.917854
Mary4US,0,1.1810966,-18.39907
MaryEarnshaw,0,4.826541,-23.595016
Masaherojpn,2,-35.957623,57.79049
MasonRaeDixon,2,-8.144353,46.76032
MassatoHirai,0,3.379689,-8.616068
MateraPvf,1,-7.7729635,11.022787
MattMurph24,0,4.938618,-23.801317
MatthewWolfff,0,5.253859,-24.1444
MauiAdventures,2,-8.544682,46.48269
MauiCouponMag,2,-8.537788,46.508427
MaulanaMolestor,0,5.0485144,-23.964264
Mauri_SMM_SEO,2,-34.596752,55.93325
MaxH66700380,0,3.939335,-23.042181
MazurikL,0,4.580102,-23.754309
MazzyPatriot,0,1.8741515,-10.697265
McGory14,0,-10.01939,-7.427501
McKinsey,0,5.4328833,-24.033545
McenhillVicky,0,1.6999524,-19.04262
MdNurRahmanSak1,1,-8.481959,18.960115
MeTooIDissent,0,5.0712714,-24.105602
MeallyHen,0,4.905759,-24.037884
MedNewsBulletin,2,-8.595866,46.604958
MediaActive,2,-8.305883,46.84161
MediaTruthOrDie,0,1.8635831,-10.056458
MedicaEasternIn,2,-34.60918,56.224308
MediccGail,0,4.286002,-7.2953396
Meidas_BURNBX,0,5.3806477,-24.092295
Mel93251046,1,-9.963156,10.24726
MelisaHerington,2,-34.679684,56.205856
Melissa51657733,2,-36.147488,56.761166
MelisssfMelissa,1,-7.7546916,11.097469
MendezAlvaroKO,0,5.1604533,-24.127375
MerriMeant,2,-35.96232,56.31369
Merrygirls3,0,3.5639505,-22.120613
MessForEveryone,2,-28.779678,58.276157
Mh2020Store,1,-8.458393,18.98366
MiLOKMAT,1,3.5665905,19.473356
Michael05409550,0,4.5868945,-21.946861
MichaelAnyanwu2,1,-7.690164,11.0803
MichaelBland54,0,3.8630564,-22.979378
MichaelJConyers,1,-7.7252426,11.097764
MichaelPghPA,2,-35.329014,57.75039
MicheleEGwynn,0,1.6933289,-19.037573
MicrobesInfect,2,-34.97587,55.895786
MicrobesInfo,2,-8.354071,46.52808
MicrosoftRTweet,1,-9.237516,26.864517
MidwestPhoto,1,-9.123495,26.976204
MightSteely,1,-6.13074,28.408558
Mike20293516,2,-33.909878,56.79659
MikeyPoundz,1,-9.982539,10.422454
MikieSnaxx,1,-9.132288,26.958534
Milan_reports,2,-34.330677,57.475704
MillerZell,2,-35.64446,56.43544
Mindaug50893009,1,3.6523223,19.476797
MirageNewsCom,2,-34.871273,57.799057
MirkoCiminiello,1,2.720243,19.351038
Miruku43780816,0,-10.058484,-7.2496996
Mitanur_3,2,-33.80049,56.096245
MoJamesApted,0,4.125812,-7.38602
MoSportsNetwork,1,0.56615895,18.200172
MoatsTV,0,5.289045,-23.831305
MogyorosiAndras,2,-34.50767,57.675835
MohamedkafiAliM,1,3.6298113,19.39902
MohsinMall,2,-35.66791,56.881783
MonaSmitte,0,5.246266,-24.012447
Monctonscout,0,5.0477767,-24.042685
MoneyRose76,0,5.1393347,-23.311333
Monkey712CB,2,-34.387653,57.42416
MonkeyAnomalous,1,-5.9679027,28.330114
MonroeG5,0,5.252038,-23.940235
Morpheous6,0,-9.903123,-7.103157
MortesCovid19,2,-35.588352,56.861862
Mostafa00945043,1,3.52571,19.493427
MouFranco,1,-7.740707,11.02222
MountainFog1,0,19.926832,-8.839713
Mpassy_JR,2,-35.81617,57.02294
Mr_C_Wadd,0,5.024274,-23.867702
MsCinnable,2,-34.071274,57.047314
MsCurly4,0,1.8106018,-11.084735
MsDianaFrances,0,4.4894633,-23.131636
MssDidi,2,-35.534317,57.130955
MucheruNjenga,0,3.2788446,-20.29727
Muhamma81036431,2,-33.838203,56.11363
MukamiWaEmbu,0,5.0734015,-24.048656
MukeshPipaliya_,0,5.1558833,-24.057482
MunawarSarker,0,5.0961485,-24.02206
MuniGUARDNews,2,-8.452445,46.679657
MusadaqZ,1,3.573801,19.445656
MusafirNamah,2,-8.593238,46.587753
Muschelschloss,2,-36.206562,56.75126
MutadayyinaEM,2,-33.890293,56.098774
My_love__Allah,1,-6.321816,28.103792
MydibaTh,2,-35.59985,57.49763
N1info,2,-8.4950485,46.575645
NEWSWORLD555,1,0.68774515,18.187744
NHFTNHSLibrary,0,5.021596,-20.984344
NHSGrampian,1,-9.944262,10.379272
NH_India,2,-34.68789,56.32107
NIGHTBULB2,1,-9.00992,9.732132
NJdoc,2,-35.486183,57.240166
NKInsights,2,-34.796177,57.07847
NKoronawirusa,2,-35.921524,56.57575
NOMADD11,1,-6.410483,28.295555
NOONELOVESMENOW,0,5.184095,-24.140272
NPD_PIO,1,-6.972657,11.704104
NST_Online,2,-36.393234,57.358074
NSubidha,0,4.1830363,-7.355308
N_landCouncil,2,-36.091988,56.500416
Naagoon6,2,-33.980804,56.92147
NancyBoyett,2,-8.5331745,46.58013
NandX33,0,5.2337737,-24.025427
Nanobo_,1,3.507889,19.455956
NationAfrica,0,5.162451,-24.08259
Nav49767614,0,4.1926384,-7.3595486
Naveeth14,1,9.633361,5.598129
NeilDidIt,0,4.4595766,-23.221022
Neoonecattorul1,0,5.1264954,-24.214258
NerenTory,1,-8.457958,18.984081
NewsChannel10,1,-10.079066,10.234391
NewsMedical,1,-10.071319,10.24378
NewsMiner_Covid,0,4.761871,-23.74943
NewsMobileIndia,0,5.2559495,-24.175001
NewsThaivisa,2,-34.816536,56.037674
NewsWrapped,1,-6.9348397,28.145107
NewsbreakCanada,2,-33.10362,58.296497
NewsbyMorB,2,-8.401526,46.80126
NewsofthedayNet,0,4.027778,-22.968077
Newsworldexpres,0,4.094579,-7.461202
NextBillion,2,-34.793575,56.22184
NickLee26849430,2,-34.82476,56.226856
NickelBelt,0,5.1962733,-24.214085
Nicolatred,0,5.3801656,-24.019981
Nidi7788,1,-10.033868,10.211124
NidoEscape,2,-34.976116,56.19648
NightwatchN8,1,-6.839886,28.20901
NikkeiAsia,0,5.262751,-24.005413
NikolovScience,0,5.287104,-24.300852
Ninah63859391,0,3.2781103,-20.299002
NiteniteMelissa,0,5.0398817,-24.271688
NiyorSir,1,3.1081762,19.282978
NizamKham5,0,5.123773,-24.223406
NjMedical,0,19.926916,-8.840179
NjbBari3,2,-35.79132,56.321156
NoToNewNormal1,2,-35.822918,56.439384
NohAdam9,0,-9.755933,-7.1385927
Northma14262368,1,-7.691012,11.094252
Northwest_Lass,2,-33.743477,57.50167
Norwalk_CT,2,-35.62882,56.540436
Noster20240123,0,-9.804454,-6.8097343
NottsCC,1,3.3033903,19.039442
NovelCoronaBlog,2,-33.932106,56.84274
NursingTimes,1,1.5753293,18.73324
NvrEvrGvUp,0,3.8706038,-22.979668
NygardMarina,1,-8.449053,18.993004
Nyksindia,0,4.1986575,-23.788866
ONDPwomen,0,4.8286104,-23.011732
Obertson,1,-8.888318,27.186567
ObservadorBina1,0,5.2585363,-24.184946
Odisha_Sambad,2,-34.937054,58.742367
OfSlinky,0,5.2528386,-24.286428
OgnianZlatev,0,5.064682,-24.255325
Oigetit_Asia,1,-10.166828,10.323784
OkieStateFan12,0,4.5078106,-21.67115
Oldglorycries,0,5.124102,-24.175924
OmanObserver,1,3.381306,19.081976
OmmcomNews,0,5.2324524,-24.29432
OneCopaceticCAT,1,-7.896918,27.820654
OneNebulaHealth,2,-35.080814,58.067684
OneYearWorld,2,-35.86375,56.549225
Oneindia,2,-35.133823,57.066887
OnlineExcellen4,2,-36.449577,56.88533
Option_kya__hai,1,3.208534,18.944263
OrangeWatchDog,1,3.368328,19.057323
Orangeman1992,0,1.9034208,-9.695477
Orkidnut,0,1.9944193,-9.622201
Oscarp440trader,0,5.0849204,-24.118622
OttawaMondays,2,-35.69096,56.556854
Outlookindia,1,-6.5205526,28.733942
Ow_My_Back_,2,-35.777443,56.505894
OwenDav41918347,0,-10.298411,-7.1412153
PCribbett,0,5.244089,-24.298279
PDChina,0,5.2788515,-24.259407
PJMoore1958,0,19.911753,-8.814501
PLHCrawford,0,-10.128797,-7.2405252
PMProuk,0,-10.225165,-7.2038846
PM_Results,1,-10.190678,10.232042
PM_Thornton,2,-34.867775,57.77908
PPaltzer,0,4.1823277,-7.356914
PPoppinghaus,2,-35.543625,57.44674
PRO_Vizag,0,5.1453032,-24.273428
PRforAnyone,2,-35.759,56.44398
PSYCHICTWINS,2,-36.46556,56.72506
PSuiteNetwork,2,-34.916103,58.801846
PTNickB,0,5.1981664,-24.246872
Pakairdrop,1,-8.499544,27.506178
PamelaDrew,0,19.92687,-8.842103
PamelaStar23,1,-8.89272,27.202599
PandemicCovid20,2,-35.856537,56.490746
PaperbirdsH,2,-35.782795,56.52672
ParentSecurity,1,3.6082394,19.419106
Parikiaki,2,-34.324436,56.63767
ParveenLenny,2,-8.440221,46.486893
PatD56926482,1,-9.941085,10.250645
PatentMasks,1,-6.0299325,28.433578
PatriciaToler6,0,-10.110005,-7.290527
Patrikaidotcom,2,-32.029835,58.566093
PatrinaC,0,4.946254,-20.648478
PatsyJa26446841,0,5.051652,-21.322678
PauIRob,2,-34.199993,57.851967
PaulReillyVAS,2,-35.811165,56.45355
Paulina57256038,1,-6.281498,28.244555
PaulyBowz,2,-35.922764,57.24925
PdmapunjabO,2,-33.14518,58.32499
PearleeShop,1,-7.507044,28.93465
Peezey33,2,-34.69376,56.257652
Peggy2612,0,5.0482187,-21.214827
PegsCooley,0,5.112651,-24.35193
PeninsulaQatar,2,-34.93296,58.41807
PeoplesDailyapp,1,3.0834925,19.273952
PerfectusBio,0,-10.126947,-7.0625296
Peteinnj,0,5.191979,-24.221651
PeterAjemian,0,-10.061816,-7.251071
PeterDawsonUSA,0,3.9173663,-23.015942
Peterpa18592329,1,2.039948,19.367558
PhRMA,0,5.3058724,-24.079847
PhilChadwick81,2,-35.657177,56.65625
PhilDeCarolis,0,-10.088916,-7.131519
Phillyfighting1,1,-10.166432,10.348088
Pics4Sr,1,-8.505083,18.937056
PigWings11,0,1.4302733,-18.408579
PlagueTimesNow,1,-9.175986,26.908861
Planets_Univers,0,5.034583,-24.311588
Plapigs,0,1.9399436,-9.699374
PlasmaCOVID_19,2,-36.318237,57.654373
PleiotropyInc,1,-6.098513,28.439972
PlexusVentures,0,-9.802206,-7.0149517
PlumRemson,1,-7.749773,28.627485
Polandin_com,2,-34.420265,58.21886
Politi_Chatter,0,5.154196,-24.201036
PoliticsITN,0,1.9178733,-9.7181425
PonytaEle,0,0.87313,-10.383668
PortavozChile,2,-35.723267,56.561844
PositivelyJoan,2,-35.054737,56.116295
Powerfm987,0,5.206338,-24.257887
Powerid5,2,-28.818567,58.235394
PraDeep__Subedi,0,5.1649942,-24.273922
PrasantaHitler,2,-36.271385,57.723427
Prathamesh524,0,5.1605735,-24.23869
PrivacyCestFini,1,-1.8565108,16.021404
ProAssam,0,5.1427984,-24.253769
Prokerala,1,3.6700056,19.238699
PropertyJourn,1,-7.7380223,11.082682
Prosperity9999,0,4.129734,-21.933893
PrriyaRaj,2,-8.361813,46.84498
Pugamall,1,-8.424634,19.017473
QinoQino1,0,19.979925,-8.793443
QolibegliH,0,3.3645742,-8.590783
Quantum_Free,0,3.4624927,-8.546123
QuickTake,1,3.3289492,19.025623
QuimSegales,2,-35.776558,56.459515
R1ch1e5,1,3.595587,19.387363
R3it7,2,-34.055782,57.173096
RANDCorporation,0,5.2356973,-24.334675
RANDEurope,0,5.103767,-24.339752
RGarcia7805,0,4.311734,-22.792929
RHJOfficial,0,5.0351686,-24.301613
RINewsToday,2,-35.813293,56.71274
RLTraveler,1,-8.112161,27.63495
ROCKSHIRTS1,0,5.1744785,-24.395792
RS_Eng_Brain,2,-8.541445,46.581974
RageWrit,0,1.885067,-10.059231
RahsaanBall,0,5.134361,-24.442429
RaisinaSeries,0,3.6480474,-22.754944
Rakibul85428955,0,2.0859525,-10.551165
RakyatMerdeka99,2,-31.506044,58.86662
Ram70436211,1,-7.6258817,28.766144
RamzaBehoulve,1,-10.084122,10.200986
RantsOutloud,0,5.123237,-24.308353
Raphaelhd1,0,5.104837,-24.318375
RatnakarKrishn1,1,3.5357459,19.393894
RatraVaibhav,2,-36.365475,57.325127
Raymond71618412,0,0.9673348,-8.253764
RazorPack65,0,-9.441462,-6.932215
ReSiStEr4EvA,1,3.0413983,19.520731
ReadyAimFire12,1,-6.2972374,28.50475
RealNewsUK,0,5.014177,-21.012905
RealPhatsBlog,0,1.967214,-9.699693
ReasonD10,0,2.7704914,-9.090376
RebeccaHamel1,0,5.03227,-24.344217
Redfrog4,0,4.75474,-23.618181
Redzee98,0,2.1141503,-9.690813
Reekado80104207,2,-35.707924,56.574257
RefugeesIntl,0,3.3572776,-8.612374
Reginaw35605786,0,3.2927253,-20.312824
Remaloaded,2,-31.835176,58.68593
Remedica,1,-10.143548,10.345509
ReneMenares1,0,5.027801,-24.418013
ResearchBuzz,2,-36.28177,56.817753
ResearchEpi,2,-8.476651,46.54337
ResnickLR,2,-35.872437,56.348175
RevolutionsCen,2,-34.454716,58.21069
RexannaKeats,1,2.2315288,19.11571
Reynald93063819,1,-6.3893933,28.518633
Rfjeekelder,1,-9.916048,10.038606
RhemjohnDave,1,-8.4449415,18.99711
Richlin11a,0,3.1812708,-8.541075
RickiMayhall,0,5.15081,-24.388391
Rig_Park,1,-10.0035095,10.27325
RingoNbi,0,5.02411,-24.558065
RishaAfifa,1,3.272638,19.235521
Rita_Banerji,0,-10.104361,-7.268889
RitishRajput009,2,-33.18625,57.2174
Ritualesdelcaos,2,-35.83458,56.471867
RiyazHanfi,0,5.0937853,-24.430122
RoZke_Habbo,2,-31.809412,58.725067
Roadmaster1253,2,-35.462643,56.412304
RobAdam74497148,0,3.788155,-22.914356
Rob_Zarate,0,5.1185923,-24.44063
Robbiezombie,2,-35.544975,57.538063
RobertStrokes,0,5.040221,-24.46795
RobertaD7777,2,-36.106445,57.55169
RoboSchmobo,0,-9.791952,-7.034499
Roby41262525,0,-10.13593,-7.2214546
Rockwell1000,1,3.540153,19.331684
RogeliodaP,0,4.537994,-21.657616
RogerWild19,0,5.06498,-24.419779
RogowskiBubba,2,-35.86558,56.60566
RogueMoonMedia,2,-35.83977,56.49385
Romaithy10,0,4.953033,-24.48938
Ronan_OKane,2,-35.71687,56.425842
RopedInPro,2,-35.772385,56.62441
RosMathieson,1,-10.175445,10.319826
RoscoAmerican,0,5.054321,-24.539766
RoseGardenNEWS,0,4.927988,-24.46298
RoxyFerret,0,6.300724,-22.368616
RoyaNewsEnglish,2,-35.75905,56.315723
RuizCalixto,1,-6.998727,11.670222
RuleBritanniaGB,2,-35.868595,56.53517
RunningBrook16,1,-6.9458504,28.512568
RyanAda92048337,2,-35.74644,56.423443
Ryan__Rigg,1,3.077223,19.535267
SATELITLGTVUSA1,2,-35.809315,56.561455
SCOTTKE_10,1,3.0921195,19.384995
SCSLawFirm,1,3.4155922,19.07926
SCVIndy,1,-7.4212074,28.12841
SDGsCoLab,0,-9.707013,-7.01661
SERPs_Up_SEO,1,3.5419843,19.239307
SFTravels,2,-35.936436,56.37175
SHUTT_Fonseca,0,4.965885,-24.523655
SJisMe,0,4.967003,-24.486296
SKUsa11,2,-35.687103,56.542892
SKyriakidesEU,0,5.0091224,-24.467464
SLNewsRTBot,1,9.609376,5.6307135
SM_WP,2,-26.125494,60.531498
SOAR12steps,2,-35.670254,56.33951
SPGMIHealthcare,2,-8.269392,46.402676
SRihae,0,3.4838483,-22.098877
STJOESHAMILTON,2,-35.965412,56.41953
STSMiddleEast,0,4.67123,-24.314762
SUgbade,0,4.9640946,-24.541641
SabinaWalker18,2,-34.997166,58.69386
SachaFlorenceG,2,-34.5368,56.27584
Sadafsayeed,2,-35.20342,57.063572
SafestanSupport,2,-36.444878,57.30567
SalerRblx,1,3.5475705,19.288353
SalfordCouncil,0,4.8973527,-24.503902
Sallu_Saiyed,0,4.545994,-24.384895
SallyRMelb,1,3.70574,19.395994
SaltJobsAUS,2,-35.969547,56.379944
SaltJobsAsia,2,-35.80844,56.496166
SaltleyGates,0,3.80725,-22.980396
Sam9839,0,5.07596,-24.498075
Samhja,0,4.984858,-24.44726
SandrasmithfoxF,0,4.930535,-24.609835
Sanityland,0,1.9475144,-9.744732
SanjaysahFCCA,2,-34.55418,56.250168
Santanumalbum,2,-35.10352,58.70125
Santosh93948501,2,-35.85259,56.48997
SarahEOlson2009,0,4.8798976,-24.496668
SarahFr36486435,2,-35.885593,56.379917
SarahNyancheraN,0,4.8581405,-24.52522
Saul27935594,2,-33.222282,58.37293
Sazz515,2,-34.14883,57.59772
Sch531,0,6.2975073,-22.372644
Schille18336614,2,-34.881943,58.81666
ScienceInsider,0,4.8653083,-24.229136
ScientistFor,1,-6.1723347,28.394083
ScottElliott10,1,-7.0010586,28.453241
ScottWitlin,0,4.8744917,-24.56929
Scottishnotbrit,0,19.910915,-8.848901
Seasonalchild,1,-8.428427,19.0136
Sei_selbst,1,-9.116116,10.549422
SeizetheBeret,1,-8.459742,18.982378
Semeg786,1,-10.070242,10.247253
SeniorVPres,1,-6.2240124,28.469297
SerbsFor,0,3.3975549,-8.637485
Sereyluch1,0,4.875233,-24.575333
SewnbyMichelleW,2,-33.750122,57.437885
ShanghaiEye,0,4.8316197,-24.583698
ShardGlobal,0,5.205563,-23.3347
ShardanFreeMan,2,-34.804226,56.21546
ShaunRyanPrice,1,-9.98972,10.220738
SheelaghG,0,1.774182,-8.076541
SheenaParish,2,-36.178905,57.532837
SheetPlantAssoc,1,-7.713605,11.067667
ShelbyTNHealth,2,-35.75095,56.465942
ShipSor,2,-8.585913,46.575592
ShirleyCatron,0,3.9305623,-23.006592
ShironRedshift,0,4.7889957,-24.530348
ShiteGrampSays,1,-10.094442,10.217665
Shizbutt,1,-10.042222,10.262447
SiHulbert,0,4.5905123,-22.586271
SilcottTracy,0,-10.118521,-6.9729095
Siliconeer,2,-8.424366,46.76661
Simozinza,0,0.8882983,-10.371522
Sinnaris79,2,-35.858814,56.57151
SireeshaYadlap1,0,4.7246866,-24.553604
SisodiaPragya,1,-10.114675,10.290695
SkyNews,2,-35.879765,56.570393
Sky_Lee_1,2,-34.802696,56.12886
SkylrZahira,2,-35.783478,56.452675
Slabodkin,2,-35.11795,58.36643
Slamber17972932,1,-6.7328076,28.805387
SleepyAddicts,0,4.1147747,-7.602901
SlimSha97591323,1,-9.540006,10.262525
SlimSugar,2,-34.244335,57.566154
SmythJimmy,0,-10.299983,-7.1100254
Social411Now,2,-35.806908,56.87341
SocialDesignCr1,1,-6.0327244,28.268845
Socksoff1,0,-2.9587946,-6.907547
SolomanKarl,0,4.834746,-24.55297
Solutioneer72,0,4.520363,-24.300314
SomosRosarioOK,1,-9.133196,10.584654
SonjaBorchgrev2,0,4.57274,-23.240574
SouthWeekender,1,-6.7482014,28.586828
SpitFireSista,0,1.810671,-19.004147
Springfld,1,-10.11412,10.22713
SptsGuy1,2,-8.43385,46.821415
SputnikMundo,1,-7.6716943,11.074
Sqwii,1,-9.7732525,10.341188
StaffordshireCC,2,-31.859262,58.693172
StanWongWealth,0,4.622316,-24.387377
StanleyEpstein,2,-8.62562,46.613113
StartEducating,0,-10.126494,-7.299933
StaryMina,1,-6.4281116,28.71411
StationZebra1,1,-6.433856,28.283916
StatsExamples,1,-6.6890597,28.461786
SteelePiper,1,-6.1437507,28.279222
Stephan60576884,0,4.6725874,-24.531113
Stephensbubble1,0,4.686606,-24.565788
SteveFDA,0,4.6340923,-24.595976
Steve_Games,1,-6.591314,28.150719
StockportSuper,2,-36.41281,57.432926
Stop_CommonPass,0,2.3436146,-9.960556
StratCons,2,-35.8276,56.567333
Stupid_Interweb,0,4.3421893,-24.019571
SuicideSeattle,0,19.937656,-8.820705
Summers33456923,0,4.6936946,-24.526243
Sun_Moon_13,0,4.819433,-23.69431
Superfind,2,-35.775978,56.618057
SupremeXRP,0,4.600832,-23.825468
SusanMThom,0,2.1973357,-18.155434
Suzit47,2,-35.840714,56.491467
Suzyquoxx,2,-33.891026,57.372078
Swamp_Cop,1,-6.030428,28.369251
Swanky12020,0,2.088216,-18.8159
SwarmDMX,1,-7.0422387,28.847298
SwerianBot,2,-36.364395,57.459946
SwissExpatGuide,1,-7.3468175,11.385704
SwissRe,2,-35.74729,56.480877
SyedZamirAhmed4,1,3.516718,19.342127
SymphonyEnv,2,-35.693027,56.6194
TBeansprout,0,2.1942127,-18.049719
TBlackwe85,0,3.5390587,-22.17813
TCMuffin,2,-35.871597,56.478745
TCTC202009,0,4.612281,-24.592207
TDKBOND,2,-28.870895,58.205406
TFnoticias,2,-35.880157,56.383934
THebertMcGill,0,4.227959,-24.291662
TRUMPISTRAGIC,1,3.4283829,18.881536
TSPublishingUK,2,-35.156277,56.877617
TWMCLtd,2,-36.207104,57.548862
TalinOrfaliGhaz,2,-35.83773,56.497047
TalkRightNetwo1,1,-10.122486,10.211144
Tamerishe,1,3.2266433,19.165098
TamiArm97530632,2,-31.548292,58.839005
Tamilmirror,1,9.656436,5.6248755
TampaForWarren,0,2.0594025,-9.8306675
TanimurMd,0,4.5830092,-22.46202
TashaDianneHere,0,-10.073778,-7.1607943
TedTurner100,1,3.6916375,19.240583
Telegraph,2,-35.81424,56.3701
Terence,0,3.4883347,-22.223423
Teydu2,0,4.175058,-24.128359
ThaiAmuletFair,1,-6.7998524,28.43442
The12thimam1,1,-8.8355255,27.170534
TheAdvi37362398,1,-9.029231,27.055664
TheBasher15,2,-34.156597,57.466473
TheCatSaysMao,0,0.90107113,-10.3645115
TheCivilEyes,2,-34.939186,58.770958
TheCrispyMedic,1,-7.716211,11.043841
TheDailyEdge,0,-10.040163,-7.1407127
TheDailyPioneer,2,-35.033157,56.7915
TheFineBottle,1,-9.502806,9.987526
TheKoreaHerald,2,-8.496086,46.772842
TheKweden,2,-34.67859,58.167385
TheMess88,0,-9.868387,-7.1154575
TheMorningLK,0,4.4052505,-23.646568
TheNWOisHERENOW,0,4.1825175,-7.3949585
TheNachiket,2,-8.24555,46.97922
TheNationalNews,0,3.6365857,-22.730444
TheNewsGob,1,-6.315097,28.297905
TheO530CarrisPT,0,6.300303,-22.366405
TheObGProject,2,-35.997513,56.53151
TheOnlyPandora1,0,4.421409,-22.799677
ThePlandemic,2,-34.496548,58.51371
TheRealGines,0,19.919916,-8.844804
TheRealHEELJODY,0,3.8389308,-22.854849
TheRealVwls,1,-9.77361,10.290782
TheRiverWanders,2,-34.928448,57.27682
TheSWPrincess,0,6.297698,-22.372166
TheStephenRalph,2,-35.91515,56.770615
TheYorksTimes,2,-34.875763,56.12843
The_3rd_Umpire,2,-35.935055,56.666737
The_Truth_II,1,-5.988887,28.403105
ThembaRajuili,2,-35.96024,56.616158
Themegahorspow1,0,4.4457026,-24.371101
Thesciencevort1,0,4.7808075,-23.538115
Theupdater_,0,4.412366,-24.307968
ThiagoC93001399,2,-35.5367,57.090107
ThingsYouNeed2K,2,-36.460552,57.436665
ThisIsCANVax,0,4.538964,-23.631721
Thomas_Binder,0,4.446956,-23.578382
Thomas_Wilckens,2,-33.90782,57.747612
TibetPeople,0,1.1830236,-10.212914
TigressEllie,2,-34.925293,55.943207
TimHowe73500437,0,-10.148125,-7.19721
TimOlso92220879,2,-35.781517,56.909035
Tim_AshleyOut,2,-35.88132,56.56362
TimesFy,0,4.598881,-24.399984
Timothy77490700,0,1.4139295,-18.426765
TinTinResists,0,4.273117,-23.944199
TinaBug23,0,4.0794063,-7.520192
Tiuchis10,2,-36.388454,57.532394
Tivitimus,1,3.0913165,19.55383
TobiasTheGeek,2,-35.80914,56.335205
ToghCon,2,-35.97662,56.70607
TomHume18,0,1.5359277,-18.67872
TomsOrlandoDel1,0,4.724959,-24.020668
Tomu_Tom_,1,3.561779,19.343567
Tony_Tracy,1,-6.6672363,28.096556
Toofan86524523,1,-10.075141,10.358346
TookiBear,0,4.522367,-23.988245
TopekaWatchdog,0,-9.735676,-6.7161665
TophiaEwere,1,-7.6571608,11.085778
TornadoNewsLink,0,1.9957147,-9.783079
TornadoQuest,0,5.0408463,-23.13347
Tornasolada1,2,-36.242218,56.772694
TouTzuSays,0,-10.174556,-7.196626
TracyGa20473477,2,-35.9603,56.597927
TradeTexasBig,0,4.3909783,-24.315357
Tradox3,1,3.270745,19.14331
TrahinPhilippe,1,-6.9402833,11.743936
TranspariMED,0,4.591577,-23.735418
TrapMinister,1,-7.681172,28.649305
TravelLogPak,1,-9.001843,9.730925
TravelNewsAsia,1,3.3068416,19.230839
TravellingTabby,1,1.6305505,18.774622
TrendPiler,2,-35.690487,56.488403
TrevorTurvey1,1,3.6392975,19.29709
Trevor_WWYL2020,0,1.8820059,-10.314965
TrewThomas,0,-10.115199,-7.289724
TrilokS84706546,1,-6.3059335,28.42916
Trinitydraco1,2,-35.871483,57.165936
Trishalla2012,0,1.4273144,-18.394499
TristarAssoc,1,-5.9825125,28.237011
TrueDream_2,2,-33.715416,56.13044
TrueScoopNews,0,4.6549406,-23.599792
TrumpLiesMatte1,2,-35.533543,56.433994
TrumpNewsPolls,1,-8.774803,27.252787
TrumpTRAlN2020,1,-9.543671,10.250348
TruthAboutLend,2,-35.885735,56.544445
TruthSoldierz,1,-6.278482,28.269632
TryThisAmerica,2,-35.919544,57.73553
Two_Cams25,2,-35.949272,56.418503
TylerOl19625666,2,-35.87828,56.64247
UCIrvineHealth,2,-35.825512,56.695618
UCRGalle,1,-9.153394,26.938768
UHhospitals,0,4.5811834,-24.41489
UNICEFBD,0,5.6637697,-24.19716
USA2_0,0,1.846099,-9.700066
USPharmacopeia,0,4.9874816,-21.017656
Umairlaar,1,3.219175,18.930542
UniteLegal,2,-35.448475,56.372967
Unplugg13106903,2,-35.180336,56.070057
Unsilversurfer,1,1.6356936,18.772615
UnusualUpdate,2,-8.57244,46.60215
UofGuelphNews,0,5.6543937,-23.9483
UpcomingNews1,1,-9.015532,9.735819
UtahMurmurs,1,3.3588593,18.96355
UttarakhandKi,1,-10.151862,10.337418
VUMC_Insights,0,4.4076715,-24.671219
Vaernus,0,4.64822,-24.051071
ValdescaBB,2,-36.202435,56.761475
VasGiri,2,-34.752487,56.100796
Vaw511,1,2.2043495,19.110785
VennDiagram8,1,-8.78659,27.2739
VentersGaming,1,1.6243124,18.765285
Vesuvius1777,1,2.983222,19.33496
VickiRe70788360,2,-31.532192,58.85351
Vikas47747578,2,-34.693962,56.096924
VimLab,0,4.568126,-21.929579
VinnieViruses,0,5.2311234,-23.784554
VinnyNK1,2,-35.04032,55.9906
VipinSangwanVS,2,-35.303158,56.229824
VirginMediaNews,0,5.449358,-24.495592
VivMilano,1,-6.7684546,28.70451
VladDaniloff1,2,-34.302814,56.74822
VoiceForAllGA,2,-35.436947,57.33995
VoiceofPD,2,-34.671318,58.03634
VoteHimAway,0,2.0392108,-18.779232
VoteOutLadyG1,2,-34.39913,56.754936
VotingRed1,2,-35.922382,56.383602
WAMNEWS_ENG,0,4.597271,-23.780704
WCCBCharlotte,1,-10.073086,10.115712
WDisinfecting,1,3.6252208,19.301851
WFAE,2,-35.63192,56.1601
WHOMalaysia,2,-35.74185,56.435974
WMTFT2016,1,-8.891718,27.175985
WPalaver,1,-8.8661995,27.200932
WSlightly,2,-35.68404,56.03938
WTRF7News,1,-6.117576,28.427439
Wadafa7,1,-10.198584,10.284844
WalterFuchs17,0,4.8927455,-23.784986
WantNewsApp,0,4.2990737,-24.55536
WeAreTRR,0,-10.187806,-7.2943697
Websystemer,2,-36.353813,57.34645
WeeFatShug,0,4.265372,-23.639696
WellisAirUSA,0,-9.965966,-6.89468
WendyAnnAger,1,-7.6442804,28.740824
WhatsYourViews,0,4.9391303,-20.637691
WhoCare32383245,1,-10.066519,10.266129
WikiAnons,2,-34.118114,57.969307
WilliamClark29,0,4.5572705,-23.416533
WilliamPora,0,4.3795223,-22.230463
WiseOldQueen,2,-35.31431,56.66962
Wong41805454,0,1.911431,-10.310847
WoodfordinDK,2,-26.098038,60.555893
Working74649362,0,4.903276,-23.458855
WorldCOVID19,2,-35.094593,57.10214
WtxNews,1,-10.073398,10.246618
WuzupNigeria,0,4.6380224,-22.08058
XHNews,0,5.1105013,-23.5475
XNekoChat2,0,5.056145,-22.965418
XXWoman88,0,3.8266888,-22.949574
Xpertkay1,0,4.5285997,-22.43019
Xy5Z89,1,3.5496845,19.32543
YAN_YAN1206,0,2.019335,-9.733454
YHkpc,0,1.8936166,-9.7351675
YYadavdav,1,-1.8590328,16.020487
Yamnek,0,4.8951545,-23.753122
Yaya_Chutt,0,4.676552,-24.32808
YesAutoUK,1,-6.4570823,28.29571
YifatRoth,2,-35.302334,57.73433
YomeNetSan,2,-35.573254,56.920048
YorkieWR,1,-10.070292,10.285983
YouCanFoolMost,2,-34.809273,57.826584
YouHalal,1,0.62233317,18.136335
YounggoatD,0,-10.049614,-7.273275
YourAnonRiots,2,-35.98989,57.01019
Youth_StopAIDS,0,3.3916156,-8.60772
YukKelvin,2,-35.938034,56.934105
YvonneGetcarter,0,-10.10669,-7.3076572
ZZBottomHL,0,4.8225784,-23.927137
Zach11W,1,-10.077313,10.300911
ZeeNewsEnglish,2,-35.342,56.581837
Zeinobia,1,-6.1152954,28.3513
ZeppLaRouche,0,4.876283,-24.400778
ZhongShi_CGTN,0,4.896906,-24.0139
Zunnybackwalk,2,-35.473537,56.784237
Zzzzzzz82592696,0,4.6175375,-24.254038
_B_I_O_T_E_C_H_,2,-35.371506,56.985405
_LizToday,1,-6.9771714,11.707403
_MediaChimp,0,4.534305,-21.653074
_Namaganda,0,2.129202,-19.13011
_WorldSolutions,0,3.422475,-8.617029
__democratic,0,-10.02312,-7.2452874
_atwine,0,2.139011,-19.12447
_daanb_,2,-26.117186,60.536243
_gabge,2,-35.67298,56.7403
_hotcupoftea_,0,4.5592656,-22.59544
_techtalkng,1,3.3035645,18.993326
_timos_,0,-3.08881,-6.8813734
_wakarima,0,-10.013813,-7.231019
a_mi_co,1,-6.0725613,28.391094
aarohi_vns,0,4.819908,-24.148054
abc730,1,3.61993,19.340315
abcd2018a,1,-8.908704,27.179379
abhscp,2,-35.483906,56.673634
abincorportion,2,-8.278298,46.423344
abroahsan,1,3.258883,18.98349
abstractslug,2,-33.34973,58.20225
admit2sin,1,-6.4788556,28.436829
adunlea,1,3.4707413,19.336254
adventorousfun,2,-35.50694,56.45632
aerotycoon,0,4.8599935,-24.12733
africanaffairs,1,3.3813457,19.204515
aggala,1,-7.0846734,28.7174
agnos_pharmos,2,-33.31389,58.244694
ahmedfaz05,1,-8.44623,18.995903
aier,2,-35.577343,56.58412
ajcacr,0,4.5387588,-24.005375
ajividen73,0,19.954592,-8.820491
ajsmdmph,0,1.8488014,-19.096712
alexandriam_2,0,3.704387,-22.842403
alexchoe21,2,-8.521898,46.678474
alexsevenrings,1,3.4505017,19.2826
alfan_hamzy123,1,3.4333365,19.31949
aliceesolsen,1,-7.650681,28.638395
almaguer_elio,0,4.868976,-24.059223
alpepinnazzo,1,3.357318,19.531946
alwayz05,1,-7.024045,11.653255
alykhansatchu,0,1.8940684,-9.644337
amarseva,1,-7.6975236,11.097833
amazimals,1,-8.452749,18.98936
americandream09,2,-36.430935,57.30042
amit_TDH,0,4.8447104,-24.229939
amiya_rbehera,2,-35.678337,56.564674
amna_newseng,2,-36.387344,56.67618
amounomalande,2,-35.590878,56.573753
amronsomar,1,-8.0217495,28.217619
ancient_bharat,1,3.5099761,19.240694
and_kell,0,4.81259,-20.847418
andre__levy,0,19.891909,-8.799593
andrew_hough,2,-35.75113,56.897076
andrewmorrisuk,1,-6.677288,28.187176
andrzhein,0,4.661092,-23.980602
andyoval,0,4.34457,-7.1891966
angela_dummett,2,-35.530693,57.097855
angelabme1,2,-35.409122,57.110706
angelovalidiya,2,-34.98655,56.37271
anhdung115,1,3.6409814,19.209492
anish_universal,2,-35.30863,57.738827
anita_milewska,2,-35.19372,57.167145
anitamulero,0,4.181281,-7.2950854
annacabey1,0,4.7890472,-24.175999
annalvsmcbieber,1,3.444628,19.188055
annawolkowski,0,4.1712394,-7.3446097
anne_sones,1,3.5116947,19.368032
annewillisart,1,-8.480673,18.961758
anp66,1,9.633088,5.5963907
anticcp_cat,0,1.7952027,-11.1075
antondepierro,1,-8.912224,27.309
ao2yo4,0,4.1586146,-7.3796244
apokalupsis4,2,-34.82638,58.868584
applyskydev,0,4.335937,-22.02402
arabnews,2,-34.740395,56.396
arainbowdreamer,1,-8.464989,18.97713
arcanakhalil,0,-9.655666,-7.1563563
ariegoldshlager,1,-6.0483356,28.340454
arirangtvnews,2,-34.92186,58.67541
arm_ltd,2,-35.37368,56.897186
artist_hardik,2,-8.486935,46.892548
aseemgoyal1,2,-35.36794,57.715687
askhuq,2,-34.897243,58.526726
asksultana,0,4.196815,-22.524006
asksylviabonil,0,4.1895447,-22.50807
aspiesmom,0,4.882842,-24.232985
atACKbACK,1,3.4691315,19.768293
audio45785033,1,-6.1025724,28.350557
autismepi,0,4.726108,-24.341385
awanagarments,1,-7.668461,11.094093
azimakhtar,0,5.042223,-24.179815
bakshiharsh55,2,-35.595497,56.397064
barclaypeter7,2,-34.02593,57.697186
barracuda_72,2,-34.756126,56.16741
baschdi,1,-6.90033,28.393255
basem_la,2,-34.53781,57.66285
basketpackage,0,4.749653,-24.245562
bcomininvisible,2,-35.89033,57.318897
bcpoli,0,4.7800403,-24.175207
beachydreamer,1,-9.124868,26.96751
bee_icey,1,-6.530115,28.53947
begeland,2,-36.098705,57.33013
bejah007,0,4.7751966,-24.164083
benglaze,2,-34.386356,57.479378
benkook4,0,2.1420214,-18.014788
benmart03357724,1,-6.1674595,28.302853
bennel62,1,-6.250259,28.41082
beritaminangcom,1,-7.720542,11.095345
besthealthyou,2,-8.534058,46.614334
bethlinas,0,4.926145,-24.163124
bettycjung,1,1.6268162,18.765049
bhavik6313,1,-10.185585,10.178193
bhawana07220852,1,2.921382,18.820852
bhurtya,1,-7.574265,28.999586
biedexmarkets,1,-6.01295,28.28196
biggreekmav,0,3.4173405,-8.673279
billyballot,1,3.5970879,19.354094
binaryADD,1,3.455233,19.424105
binjko17,2,-26.12051,60.534576
biospace,2,-8.068705,46.6094
bishwa55900127,0,1.9493746,-9.689175
bitcoinconnect,1,-6.5347366,28.20609
bitsnewsindia,1,-9.119026,9.824693
bledsoe_wes,1,-7.6968613,11.0812235
blondiesa,1,3.6017854,19.244663
bluebay700,0,4.8662467,-24.0962
bmay,2,-33.858654,57.653896
boblyle,1,-7.5688686,28.747147
bohemianglytz,2,-35.555176,56.92081
bonillal1,2,-35.68344,56.634014
bonitarosekemp,1,2.2192068,19.115904
botcoronavairus,1,3.2741163,18.939432
bpbriper,0,1.775319,-8.072057
bprophetable,2,-34.31562,57.515556
breButterfly,2,-36.292614,56.755306
breaknnews1,1,-6.823759,28.211939
breakworthy,1,-7.3271465,28.508928
brecordernews,2,-35.210407,56.42823
briannababbles,1,2.8771658,19.276434
brianpiero,0,4.8749537,-24.166775
brianwork8,1,-6.010184,28.364098
brigade_health,0,19.93758,-8.851847
briptnuy,0,2.2090747,-9.481043
bronrott,2,-8.279348,46.64621
bruce_southside,2,-36.439568,57.3794
brumby_zoo,0,4.7543387,-24.244986
bsindia,2,-34.51176,56.703762
bubba_revenge,2,-33.91606,56.82063
buckleyswartz,1,-9.183344,26.90888
businessupturn,0,4.7418056,-24.123285
buzz_corona,2,-34.620457,57.379425
byLorenaBlas,0,1.75164,-19.06426
bytegainers,2,-34.806313,57.227776
cagney1991,0,4.7186246,-24.253986
camera_cupid,0,4.6500173,-24.197983
candidate7153,2,-35.277912,58.004467
cardiogramapps,2,-8.616461,46.620018
care_mcc,1,-9.433675,10.600218
carlesdijous,2,-8.011064,46.96593
carlito19051,2,-35.156902,56.52976
carlyinNJ,2,-35.466526,57.423927
carm388,0,1.4709364,-18.516932
carol_33410,0,1.4418298,-18.43229
castleofislam3,2,-34.339897,56.115734
cathmckenna,0,4.420419,-23.953835
cathyw03,0,1.6368896,-19.003908
cbcnewsbc,2,-35.47703,56.784245
cbcwatcher8,2,-8.534055,46.657936
ccp_is_evil_gov,2,-34.64693,57.944355
cee_global,0,3.2176287,-8.502221
cen_faith,2,-34.443832,58.21892
centerfornv,1,-10.080317,10.355271
cg_curtis,2,-35.47281,56.655357
charlesallen15,2,-35.461273,56.699657
chaun73,2,-8.24008,46.728046
chidambara09,2,-35.492416,56.653465
chidyxiao,1,3.6222239,19.403734
child_gram,2,-33.936543,56.81928
chitraSD,0,3.4129467,-8.595832
choupalindia,0,4.2003036,-7.3265224
chrisland66,2,-36.307415,57.775406
chrisyanke,0,3.962364,-23.064112
chuckthemuckra1,0,4.0561337,-23.147057
ciciban,0,-9.832351,-7.4555883
cielciel99999,0,19.873894,-8.891709
citizenservices,2,-35.8239,56.887924
clandersen,0,3.8431258,-22.95133
claudiociminiel,1,2.7634447,19.354763
cloudwanderer3,0,-9.752613,-7.460774
clubOmozambique,2,-35.65829,56.648468
cmiller1225,0,-9.429857,-6.7687974
colombogazette,1,9.635288,5.5975857
complainster,1,-9.136973,26.95211
coopesdetat,0,3.8201363,-22.942183
corona_scotnews,2,-35.495068,56.607086
corona_tweet,1,-8.042907,28.217968
coronalexington,0,4.6803102,-24.221264
coronalivebot,0,4.625007,-24.022297
correctsuccess,1,-10.053941,10.324478
cosmotopper6,1,3.3307703,19.090445
countingcovid,2,-35.161057,56.92589
covid19_alerts,2,-35.65404,57.4675
covid19_experts,2,-35.627796,56.6501
covid19_kenya,0,3.9101868,-23.260603
covid19br_,1,-6.0571675,28.335037
covid19snews,1,-8.831154,27.256466
covid19tweetz,2,-34.71379,56.340233
covidnewsCH,1,-7.054372,28.663774
covidupdate_DE,2,-36.31508,57.488182
coviz_org,2,-36.40286,57.35025
coyotetrobador,1,-9.538018,9.9922285
cpa_breda,1,3.2220633,18.91649
crabeerer,0,6.2972107,-22.374548
crdfglobal,0,-9.964107,-7.248888
cre_ron,2,-8.628461,46.50914
cryborg,0,4.528459,-24.17252
crypto_news_19,0,4.7594924,-23.762878
crystalhoodrat,2,-35.46209,57.060562
ctmock,1,-6.0813828,28.332216
ctrtmy,1,-8.451285,18.990826
cultivatediq,0,19.93507,-8.831493
cutiekangtae,2,-35.456787,57.002853
cybersec_feeds,2,-35.851517,56.972622
dados_covid,2,-35.183193,57.4321
daeroplate_v2,0,1.9047818,-9.6843815
dafnechoquera,1,-6.9892387,11.692925
dagiulstein,0,4.615073,-24.185915
daily_states,1,-10.026196,10.306907
dannyshielfx,1,-7.5357513,28.710518
danspena,2,-35.22798,56.49954
dark_gov,2,-34.438667,57.434353
davecalmercoach,1,-10.295317,10.438949
davi326,2,-35.23165,57.282875
davidabatchelor,1,3.55735,19.390137
davidst45426739,0,4.495458,-24.231995
davwain1,0,-10.109957,-7.2610893
dawn_com,1,3.5102875,19.284842
dawnbazely,2,-35.488987,56.792805
dayarvsvau,1,-6.8407264,28.441303
deIphinesc,2,-26.124928,60.531837
debugliesnews,2,-35.136257,58.093163
dediane1956,0,3.4147341,-8.654797
defence_star,2,-33.720623,56.886215
defranklondon,1,-10.150903,10.268648
deinhk,0,1.8744171,-10.696899
delahar,2,-35.337143,56.473522
demipal,1,-8.105713,27.735397
denio_vale,2,-35.498287,56.55124
desiluci8,1,3.4911666,19.197506
desota,2,-8.61406,46.578312
dgtaylor60,0,5.01122,-21.273315
di_daisyistand,0,4.5375595,-21.923841
dianamdo55,0,4.970888,-21.380026
dickzimmerman,1,3.5260582,19.292131
dinadduncan,1,3.4628599,19.701412
dire_donald,0,4.939971,-20.713783
directorrector,2,-35.609627,56.510296
discangirl,0,19.97825,-8.772219
discerningdmain,1,-6.9720664,11.715048
disneydoc911,2,-35.405956,56.50152
disuzius,0,-9.283334,-6.6613975
diveron50,1,-6.678575,28.540632
dmac5dmark2,2,-34.987617,55.92452
dna,2,-34.53829,56.014565
dominowski,0,4.3930206,-24.188665
donkamion78,0,4.4442515,-24.253775
doomalert19,2,-34.957645,57.70252
dopaminergic13,0,4.546567,-24.183731
doublebitcoin99,2,-35.86764,57.686707
dowd_lauren,0,4.4029374,-24.186258
dreamchqser,1,-8.07217,28.21797
drfarmertx,0,4.941155,-20.651398
drivandalism,0,4.4161396,-24.277998
drizz68,2,-36.445072,57.411263
dumbassgenius,1,-10.027965,10.252033
dundreary,0,2.1362119,-18.00909
durbnpoisn,2,-33.89812,56.784603
duzBme,2,-34.37697,57.44458
dwain_campbell,0,4.5368485,-23.570564
easwaranrutnam,1,9.636986,5.5956664
ebbybennett,2,-33.78597,57.095932
ecJulie,1,3.444041,19.453886
eclectelectric,2,-35.582737,56.71104
ecobearwitness,1,3.2149076,19.313353
ecuabot,0,1.9758699,-9.731691
eddydaud,0,4.3973665,-24.081108
edlewusa,2,-35.5975,57.53769
education_24x7,2,-34.230625,56.69672
eduluiz2911,1,-10.057041,10.238449
eh_woza,0,4.349421,-24.129915
ejectamenta_com,0,4.1635456,-7.372562
el_akamba,1,3.3975143,19.474083
elainecoulson58,0,4.4014945,-24.187407
elecbom,1,-7.2971964,28.501581
elisatalk,2,-8.501268,46.888397
em_myyz,1,2.6425152,19.120533
emma_Gerhardt,1,-9.054576,27.043604
emmydarcy88,0,4.452595,-24.207788
emweeklyrpt,2,-35.39725,56.760555
ensegundos_pa,2,-35.522312,56.69029
epaphotos,2,-8.539526,46.640434
epi_twit,2,-35.54742,56.691128
epidatum,2,-34.87837,58.70912
epuujee,2,-34.93602,58.76439
eraser,2,-33.154343,58.329506
ericvblanchard,0,4.4590826,-23.990616
ernestma,0,4.4595037,-24.303534
erwinloh,2,-36.068676,56.68602
esno_web,0,4.988769,-20.915575
ethelik,2,-35.479576,57.248413
eueocloset,1,3.372199,19.405167
euphoniYum,0,-10.026018,-7.296905
eurovermeer,1,-10.100642,10.240121
evalinareed,0,4.3949986,-24.07932
everydayisbest,0,4.662434,-23.424154
evilgingersays,1,-9.160935,10.550141
exposed,0,-10.042699,-7.1817036
ezdikan,0,-9.683981,-7.175299
f21252143c304bb,0,4.5481243,-24.197454
family_golfmn,0,5.1320386,-23.380787
familydisaster,0,1.9536207,-9.726513
fanged_exile,2,-35.497883,56.481625
fayfaytalks,1,-7.751616,11.0696125
fchaumac_chau,0,1.8795807,-9.776231
fcross1959,2,-34.583588,55.901375
fcuking_news,1,3.2169983,18.92368
ferreixxx,0,4.2332726,-23.993631
fhi360,0,4.211,-7.32523
fhi360research,0,4.1931853,-7.3300548
fineingredients,0,4.272761,-23.736078
finley52,0,4.3200374,-24.192253
fl85,1,3.4278772,19.685577
flamingyam,0,4.959159,-23.10483
fly_girl7,0,-10.010586,-7.21495
flyingeze,1,-9.99969,10.313778
folloNXT,2,-33.227047,58.282627
forever3825,1,-7.7067122,11.102999
forwardthink,0,4.3450155,-24.110586
frankmueller101,0,4.2662396,-23.954319
franpraok,1,3.4962301,19.299675
fraypel,2,-35.370636,56.493248
free_man789,0,19.9365,-8.828587
freedomgard,1,-6.075606,28.41355
freedomgirl2011,0,-10.200377,-7.031131
freemauicoupons,2,-8.617364,46.628605
freevolitiongr,2,-35.419502,56.52725
friday_Js_bot,0,4.2288055,-22.989594
frontlineaids,0,4.410264,-23.878595
fscarfe,0,4.3274517,-24.098549
fsgoldstein,1,-6.077862,28.300665
fuchsy17,0,4.2877665,-23.995401
funds4disaster,2,-35.526855,56.600124
funkrafstik,1,-8.428492,19.0136
gWoodi,1,-6.6772623,28.795055
ga7actic,0,-10.05662,-7.324104
gailtalk,1,-6.5690894,28.150002
galaxiefilm,1,-6.8460655,28.399231
galeon_willy,0,4.4005036,-23.663137
gaming__sultan,0,-9.887431,-7.3206973
gareth0108,2,-35.46537,56.498383
garyd552,2,-35.55419,56.826305
gaurajb1,0,4.596994,-22.243988
gautamakshita,2,-31.310804,58.88388
gavi,0,4.273288,-23.980324
georgialove0916,0,4.2868733,-24.043966
gerardnaval,0,4.2224555,-23.946045
germanhitechhe1,0,4.4362836,-23.974184
getoncrossnow,2,-36.32058,57.264572
gfernandoamb,2,-36.249397,57.24194
gffcontwitch,2,-8.612837,46.634163
ghanaleaksblog,2,-34.47339,57.409996
giannis30fyl,2,-36.291687,57.39622
gina_lundberg,0,4.318819,-22.84904
glicken_l,0,4.4443474,-23.100103
globalhealthc3,0,4.9786463,-20.940264
globaltimesnews,2,-8.185955,46.891857
globe_paces,1,3.35974,19.209948
gmopundit,0,4.304309,-24.09536
go_howl,0,19.924313,-8.830571
gomurciaspain,2,-8.640377,46.61436
grantstern,2,-36.402607,57.38397
grbusinaro,0,4.271275,-7.254907
greensteven696,1,-7.171843,11.531407
griezmannility_,2,-34.675068,56.115368
gtpgr,2,-33.461697,58.090023
guirakhoo,0,-9.775385,-6.9110374
gulf_news,2,-35.355804,57.875523
gulftoday,0,4.3775806,-23.650475
gutresolution,2,-34.931538,58.795223
guzlomi,0,4.3387494,-23.921352
halwaapoori,0,4.386696,-23.670202
hamhealth,2,-36.35739,57.4286
hanahelena,0,4.401426,-23.845991
happilyeverER,0,4.377729,-23.441483
happyday3,0,4.283848,-23.61078
hareme2,0,4.574938,-22.616693
hattrickphilip1,0,-9.75031,-6.9603634
hawawright360,2,-36.27939,57.512527
hayatbrohi,2,-35.7989,58.118477
haysosteve,0,4.326184,-23.943577
health_journo,0,-9.60525,-6.9840827
healthgovau,0,4.3058753,-23.700382
heblais,0,-10.105682,-7.3129516
helloterumi,0,4.323111,-23.832895
hellynve,0,4.2432246,-7.2742457
henry_petzold,0,4.5965714,-23.461042
herbicrafts,0,4.5462327,-23.49066
heshnarayanan,0,4.186355,-7.3898892
hildyjohns,0,4.3430457,-23.508974
himmoderator,2,-36.294865,57.61442
hmmworldview,1,-9.630358,10.073705
honeybadgeronyt,0,1.762851,-8.060535
hopemaga,0,4.5584435,-23.479404
horea2012,1,-7.84266,27.864815
hormigaatomika2,0,-10.005119,-7.126201
horstHENRY,0,4.166763,-22.770947
howard_arnett,0,4.56432,-21.932985
htTweets,0,4.268867,-23.92844
hugocamm,1,3.4963336,19.279835
humeirakazmi,0,4.5133395,-23.60762
hvnmommy,0,4.4933057,-23.50223
hygarner,0,4.6154428,-23.432922
iJunaidium,1,-6.13217,28.404612
iZNDTechNews,0,-9.993627,-7.2166553
i_petersen,0,4.369261,-23.87163
iamnitinsea,0,4.87259,-23.240389
iamrajveersinha,0,4.5766525,-23.588854
iamths1973,2,-36.392048,57.43103
ians_india,2,-34.93556,58.757706
ibtScienceTech,2,-35.939735,57.034542
iceup,2,-35.71069,57.04242
icosavax,0,4.195582,-7.342556
idgy10,0,5.038819,-23.773075
ifaspice,2,-36.001453,57.60169
ighoassange,2,-35.49586,56.53134
illbedamed,2,-35.70806,56.677513
iloveeizzy,1,3.3187358,19.183943
imkevinmatekwa,0,3.2358825,-20.250048
imyugan,1,9.635951,5.5948515
indiacom,2,-33.15577,58.350204
indiahottopics,2,-34.459366,58.220097
infinite_aether,0,3.6418865,-22.143673
infokrieger2020,1,-6.9181814,28.321104
innovationsinhc,0,4.1903086,-7.353329
inoviolt,0,4.7861004,-23.463324
ion_rat,0,1.9221812,-9.722786
ipd_newsletter,0,1.8980062,-9.809414
ipsnews,0,4.325205,-23.745687
iran_true,2,-35.707375,56.589573
ireceptor_plus,0,4.052184,-7.524774
irisstylosa,1,3.5215106,19.241682
isthisab0t,1,-6.235829,28.189795
iwcponline,2,-35.404152,57.054302
iyiola36840056,0,4.8900595,-23.14436
j2018wm,0,1.8741308,-10.693494
j2018wm4,0,1.8601389,-10.7210455
j9e9n9n9,0,4.9105377,-20.636679
j_olivee,1,-9.12167,26.969868
jacoker2,0,4.65534,-23.526451
jajabor1958,0,4.5617924,-22.577627
jamaicanrabbit5,2,-35.146458,56.495064
jamesbianchi,1,-9.827023,10.1331415
jamesmfahy,2,-34.355427,57.41474
jan_mullenberg,1,-10.049315,10.310069
janerle2002,2,-35.581894,56.599396
javibolacarre,2,-33.19717,58.304497
jaybhatt8080,2,-8.606753,46.6015
jayeshmthakur,0,4.5784755,-23.431606
jayi_wang,2,-35.442444,57.02763
jaywang06138467,0,4.799193,-23.31371
jazmasigan_2,0,4.6601233,-23.492794
jbwhitesnake,1,-7.7614384,28.594149
jcjumble,0,4.737022,-23.378109
jen13864369,0,5.23538,-23.394476
jenkers_en,1,-10.065031,10.237966
jenniferclmn,1,-7.282824,28.164446
jesuslopezabog,0,4.588287,-23.344852
jhon0land,0,-9.912545,-7.297961
jilicious,2,-35.511845,57.107124
jj_supply,1,-10.051365,10.203005
jk_Junhearts,0,1.8585927,-10.035079
jkarpin2,2,-8.284485,46.275856
jmd72508083,0,0.9661647,-8.254541
jmirpub,2,-36.407112,57.43285
jmnpunzalan,0,4.8540936,-23.257673
jmsgarrity,2,-36.357277,57.41639
jo19423332,1,-8.8106985,27.214098
joannekarma,2,-8.442203,46.444065
jobinindia,1,-9.09841,27.042574
jochenkrebs,0,-9.980644,-7.2316523
john57583486,0,3.892267,-22.756836
john__eldon,2,-35.3119,57.23214
john_holiness,1,-6.872581,28.421316
johndotbastable,1,3.630594,19.301739
johnjljacobs,0,4.881611,-23.417095
johnpaulrimmer,1,-10.14129,10.312507
johnspacedrone,2,-35.91572,57.070744
jonathan_pryke,0,-9.761832,-7.2620096
jonflombee,0,19.939316,-8.852376
jonotter,0,4.7939568,-23.434793
jopackaj,2,-34.467697,58.794933
jornalistavitor,2,-35.595345,56.550045
jot_au,0,5.077414,-23.299406
jpabecilla,0,4.6100163,-23.027842
ju_lazzarii,1,3.4497578,19.346718
jurczyk,2,-34.84201,56.249363
just_jayne8,2,-35.951153,57.66347
just_me_19751,0,-9.927067,-7.046907
just_polling,0,5.021863,-21.012873
justice864702,1,2.8463366,19.230185
kadajoza,0,4.3516045,-23.43518
kahindi_wilson,0,3.2729108,-20.2538
karhot33,1,3.4550464,19.378933
kbaygirl,0,-9.963777,-7.2140794
kbolongaro,0,4.1359406,-7.4354587
keithpp,2,-34.879055,56.15913
kellyfirehorse,0,4.8879805,-20.697208
kenbruce,2,-33.90974,57.694283
keralazonein,2,-34.01859,56.723667
kfr0329,1,3.4739933,19.655241
khaleejtimes,2,-33.176464,58.366043
kimberl57583745,0,1.4443842,-18.391144
kimberlycronkr3,0,2.1417022,-18.039738
kimrae2020,0,5.007217,-23.453123
kip96157787,0,-10.16168,-7.202044
kircub,0,0.9889528,-8.258321
kishkafka,2,-35.981216,56.991024
kitchenwriter,0,3.9322596,-22.760048
kittyclinton2,0,3.6127057,-22.443815
kk131066,1,-9.087738,26.964573
klathazine,1,-6.9605103,11.725315
klimkowa1,1,-6.042002,28.310566
kmariechristie,0,4.8811264,-23.177393
knittingknots,2,-35.728508,56.7353
kolathurnanban,0,5.113852,-23.249542
kolikVylecenych,2,-36.336086,57.708954
krishna_perera,1,9.641281,5.6054792
krishna_u,0,-9.43216,-6.7872243
krishniP,1,-7.7158647,11.070125
ktea11,1,3.5532434,19.347078
kulotissima,0,1.8176569,-11.064339
kushanmitra,1,2.792289,19.500988
kvwatchtay7,1,-6.3538814,28.354027
kxnt,2,-34.40997,57.516193
kyodo_english,2,-34.573166,56.244114
la_patilla,0,-2.9775496,-6.9072804
laahdealmeida,1,3.3553822,19.464008
lalachanka62,0,4.531526,-23.506685
lalytatweets,2,-34.240242,57.492355
larry8054,0,5.2271132,-23.39143
laserplus4,0,3.3925908,-8.62398
lastbloggers,1,-8.988368,9.722953
lastdaysovrcomr,0,4.2124166,-7.349864
latestly,2,-35.580914,56.91472
latinogiving,2,-35.960396,56.831005
layane_mds,2,-8.599038,46.67043
leilanilamarti3,0,4.5625267,-21.690966
lejarofwoke,0,4.9248133,-23.512487
lfclee2011,2,-35.627766,56.659477
liarpoliticians,2,-34.16979,57.752525
liberobiz,0,-9.981045,-7.1040545
libijian2,0,1.8769487,-10.026566
lillymckim,0,3.6059399,-22.359499
lily04022018,0,4.9299083,-23.52444
lin_ernnylin,1,-5.918617,28.302376
lindadean3,0,1.439498,-18.401844
lindquist_lord,0,4.9394445,-23.214386
linksbridge,0,5.135509,-23.15255
lisajam82154339,0,1.7696015,-8.07063
lissaharris,0,-10.158741,-7.1637807
lithochuno,0,3.2755682,-20.293425
livemint,0,4.927734,-20.658398
lizditz,0,5.0043187,-20.87005
lizzywales,0,4.7223263,-23.769745
lmdepalacios,0,4.972763,-23.605297
ln123Champagne,1,-10.004408,10.331163
longerthanyouu,0,-9.980257,-7.028107
louisa_faux,0,4.886915,-20.697535
lovePhxCCC,0,4.942296,-23.386126
lovemoz1wtp,2,-8.419723,46.814426
lovindubai,0,4.2034388,-7.3156514
lucifer13999,1,-6.5479226,28.743721
lularepupilli_,1,3.5012827,19.399912
luquion,0,5.0747557,-23.50962
lvingfree5678,0,1.6793232,-19.038969
macca1969uk,0,-10.206587,-7.279848
macharoesink,0,5.1159115,-23.213148
machteloze,2,-35.700645,56.672565
maddysavage,0,5.163104,-23.419334
maeve41963761,0,-10.262583,-7.1382337
maga_cdr,0,5.447955,-23.65554
maggini_19,0,-9.89787,-7.0884824
magnolia_sugar_,0,3.565265,-22.451847
magtell,0,4.1920395,-7.3859596
maheshig2015,0,4.770338,-23.926394
makoto_au_japon,1,-6.087351,28.416378
makyosunim,0,5.2141957,-23.485086
mamacriJKS,1,-9.861612,10.512581
mandycurrie4,1,2.9683473,19.350283
marceli28080378,2,-36.10516,56.22328
marcematuranaf,2,-33.150475,58.35371
march4progress,0,3.603271,-22.463432
marcmcgonagle,2,-35.67274,57.02201
marcocantile,2,-34.34253,57.43183
margivabeachgir,0,2.1340308,-17.99715
mariavasey7,1,-6.0839705,28.310308
marilawancorona,2,-35.353012,56.7447
marilee3959,1,-6.138251,28.380098
mark_melbin,2,-35.3166,57.67035
markshopkins,0,5.0926223,-23.619106
marlahohner,0,3.8675117,-22.988953
marlojen,0,5.488385,-23.796984
martani_net,0,-10.149786,-7.346686
martyep74,2,-33.956787,57.83435
marylui27,0,-9.29687,-6.6757097
masklessmatador,1,-6.260731,28.55972
matilda_w_,0,4.8689027,-23.656662
matisaksk,2,-35.59997,57.49872
matthewjsnape,2,-36.38353,57.44112
maureen_oesch,0,4.6943088,-23.30605
mayankbhagwat,1,-6.058921,28.374678
mcpopg,1,3.2763448,19.040407
mdimranq333,2,-33.788586,56.109566
me_for_earth,2,-35.676754,56.433376
meawwhealthsci,0,4.95276,-23.551737
medical91,0,5.219225,-23.935987
medicaldialogs,1,-10.157665,10.178084
mediumtank1,0,5.1619787,-23.50296
medpagetoday,2,-35.70888,56.56955
mefbama,0,4.5518303,-21.669973
melbevhughes,2,-33.171967,58.333233
melvynj51254414,0,-10.021577,-7.2157097
meonewsen,2,-35.340176,56.88752
meteocambodge,2,-35.47116,56.335987
mf_smith,1,3.4598193,19.354008
mgoldstein1234,0,5.0558977,-23.601725
micchiato,0,4.4578176,-22.33579
michaelaccorsi,2,-34.612354,56.607475
miche7ca,0,5.069337,-23.643892
mikemcg65624002,0,-9.901807,-7.1230936
mikesimap,0,5.0407686,-23.854225
mikkokissa,2,-35.053574,56.76768
milaniolivera,1,-6.044555,28.341166
milo_somers,0,5.3395305,-23.797638
mini76,0,1.7685983,-8.068834
missb62,0,5.2586384,-23.699219
mistakeswerema3,0,6.2894726,-22.377613
mistervermin,0,5.030016,-23.224838
miyakilee,1,3.4663246,19.335278
mkrivich,2,-8.281111,46.37751
mlnangalama,0,5.2095447,-23.394833
mmarkmarry,1,3.5204353,19.35501
modrnhealthcr,0,5.2839465,-23.640785
mohd_al_subaie,0,5.048247,-23.656631
mommascriv,0,19.919363,-8.829754
moneycontrolcom,0,4.9681535,-23.346369
monitor_PH,0,4.2277827,-7.3068485
monkey_viral,0,1.8678324,-10.054174
montanarealtyc1,0,5.051093,-23.355677
mooroltech,2,-8.419116,46.71413
mosharrafzaidi,2,-35.673492,56.514126
mowensmd,0,5.187921,-23.81777
mr_mako1,0,5.170692,-24.086325
mr_pac,0,4.816497,-23.665373
mromara30,2,-35.418144,57.330486
mrsyoungbd2,2,-35.54263,56.463097
msderohanes,1,-9.019304,27.28848
mslove_TLB,0,4.136907,-22.6619
msnovah_,0,-9.999864,-7.466441
mss2806,1,2.9063547,18.809038
mssnytweet,1,-6.574793,28.119623
mtnbvan,0,0.8905792,-10.370625
multifandom15xo,2,-33.925396,56.814808
mwherman2000,2,-36.307198,57.509155
mybubble_tech,2,-8.305425,46.380547
mychargeback,2,-8.495206,46.670536
myinnerpundit,0,3.8861454,-23.034752
myjinzzy,2,-35.40253,56.519985
mylittlebaklava,0,5.227473,-23.59573
myrtle_lau,0,5.2121196,-23.683043
nahmias,0,-10.179661,-7.088694
nancyrector,0,5.443769,-23.830292
nanosec2midnite,0,4.972843,-23.425081
navinkcofficial,1,-5.959034,28.33172
navodaya_times,2,-34.38699,57.635075
nckhui,1,3.4097323,19.323421
ndmaindia,2,-36.453396,57.368176
neeri_csum,1,-6.3795013,28.71034
nehaguptaphotog,2,-36.427383,56.916294
nemityadav1,0,4.963376,-23.7528
nertiqatja,0,4.617497,-22.583307
newboxer007,0,1.9029845,-9.698543
newplaysuk,2,-33.101402,57.758766
news24x75,1,-7.0235295,28.681986
newsdurham,0,3.396678,-8.6538515
newsofbahrain,1,3.2599642,19.428417
newsradiolk,1,9.634633,5.5980997
newsragex,0,-9.756334,-6.831655
newstrack_eng,2,-34.901806,57.846138
neymarbipin,0,1.9715923,-9.694531
nikal__oyee,0,5.3190327,-23.906126
nippynews,0,-10.087315,-7.244162
nishikant_anand,2,-33.929512,56.85345
nisusmedical,2,-35.56001,57.533913
njnntv,2,-35.350803,56.841915
nk9Vlg4VadGiiWn,0,4.8969226,-24.051527
nolietees,0,3.3275647,-8.554991
noracharles_,1,-10.106159,10.246812
notVRTnotNOS,1,-7.6742473,11.036531
notnutjob1,2,-35.465443,56.728634
novassalme,0,-10.3071,-7.1129737
now20202024,0,2.122382,-18.051151
nrherman,0,5.350063,-23.601616
nuanced_nl,2,-35.620205,56.938145
nwpd433,0,5.275051,-23.648146
nycsonny,0,4.929913,-20.646631
nzfijitimes,0,-9.632471,-6.8960724
observeronly4,0,1.807923,-11.102427
obx_lisa,1,-9.775126,10.334277
ochachachaTea2,0,1.8067231,-11.094901
ochayasan007,0,5.07928,-23.810389
offical_parth,2,-33.943233,56.86589
oficial_joslimz,1,3.2606409,19.505714
ohemaadufiegh,2,-35.46552,56.732
ohioblueyes,0,1.4296713,-18.386158
oigetit_com,1,-10.145656,10.305465
omlidia,0,5.0822153,-23.189249
omokasha,0,4.1789694,-7.358382
oneummah333,2,-33.897526,56.096157
openotito,1,3.3751318,19.431627
opsomsuruguay,1,-7.0266995,11.660684
ormiga,2,-34.534855,56.764244
otrapnellmedia,2,-34.94786,58.771217
otvnews,2,-35.42593,56.696377
outosego,1,-6.0827994,28.454788
ozarkmomma2,0,3.3694289,-8.6497345
p2cat,0,4.95689,-20.652208
pacsgirl36,0,4.9026537,-23.7549
pakchoho,0,5.233997,-23.849947
pakco_updates,1,-7.0823593,28.56319
pakhair_store,1,-8.447806,18.994265
pash22,1,3.518016,19.35189
paul_driff,1,3.2013612,19.06021
paulofrancarh,2,-34.693382,57.961216
paulthomson128,0,-10.294141,-7.1056147
pdjmoo,2,-35.532322,56.75743
peacelily01,0,4.995119,-24.090927
pearlymcqueen,1,3.2834642,19.354656
pefnic,0,-10.09085,-7.15047
pennykz70,2,-33.159508,58.364677
per_petra,2,-35.556725,56.76855
peruexplore,2,-35.387825,57.70138
peruretail,2,-35.337845,56.23244
peterpobjecky,2,-35.568703,56.699066
pg_swiech,2,-35.638546,56.68912
phantom_2463,1,-6.012198,28.402748
phillipsoninst,2,-8.526177,46.591316
phillyeaglesfa1,0,4.7269654,-23.518839
phoenixemk,0,4.911419,-23.632532
picardonhealth,2,-35.587456,56.682304
pietrofrigo,0,5.0514584,-23.956253
pimientosbkk,2,-8.59392,46.570766
pinkcascada,0,5.222224,-23.257114
pip_post,1,-10.123487,10.2389345
pjchatfield,0,1.2065191,-18.39973
planet_wizard,2,-34.944107,58.50433
pmanesiotis,0,4.8464694,-23.784231
pndblog,2,-34.927265,58.790672
pnnnewspk,1,-7.006839,28.845556
poandpo,1,2.8170726,19.35605
pocantico98,0,5.311092,-23.901754
podcast_kitchen,2,-35.5754,56.814457
politigory,0,5.0725174,-23.764664
pollwatcher9,2,-33.19731,58.33767
pollyjolie_com,2,-33.95432,56.822826
polytwonk,2,-35.534153,56.53639
pondaroski,0,2.1237109,-18.027678
pongpanther,1,-9.464823,9.980308
portomh,0,4.2603884,-7.283405
positivjunelbug,0,-10.027767,-7.199865
pparker49,1,3.3948803,19.345991
ppl4justice,0,1.9848045,-18.86073
practiceupdate,2,-35.257603,56.315945
prasadhemant,0,1.8102622,-11.084773
prashant8956,2,-36.36711,57.402477
prince52596830,0,1.9208289,-10.127315
profcasby,0,4.619924,-21.94846
projecthalo,0,5.0791507,-23.755188
proudmaryc,0,4.800391,-23.528656
punjabkesari,2,-35.696964,56.917557
pwpgarden,2,-34.74479,56.105957
qatarday,2,-34.719437,56.221733
qatarliving,0,5.2488804,-23.632153
r1chardf1tzg3r1,0,4.1669188,-7.3797874
r2kstudio,2,-34.882103,56.20509
raan62,0,4.9448934,-23.69062
radiotabare,1,-7.016485,11.668402
radiotrestres,1,3.336987,19.473331
rahabmwaniki,0,-10.054227,-7.2406507
rahat_up,2,-36.41486,57.362495
rainonmstan,1,3.234798,19.469067
rajeevmenonsl,1,9.615868,5.616342
rajeshkshitij,2,-35.52793,56.671078
rakesh26329280,1,3.2783375,19.36619
ramdarse,1,-8.451085,18.990934
ramgbs62123,0,5.0844135,-23.82271
ramirern,1,3.3426676,19.3619
ramos_val20,1,3.307819,19.422247
ranganashamil,1,9.634578,5.598171
raslady1,0,2.1375127,-18.011333
raziasultana30,2,-35.47192,56.624027
rcreaderscafe,1,-9.010708,9.733571
readerbythesea,2,-35.54364,56.67203
realWoodyNelson,0,5.1501956,-24.030018
realkatiejow,0,5.1044683,-23.668526
realpaolathomas,0,4.99823,-23.88922
realper71258306,0,3.3872993,-8.648543
realroguespace,0,1.422629,-18.402802
redianbot,2,-8.365687,46.65462
redundantuk,0,4.98496,-21.03128
redwingschic,0,5.156423,-24.168993
ree_salokhe,2,-35.631306,57.00261
reiver,2,-35.458473,56.69473
renegadepoet2,2,-8.533496,46.627003
reneintel,0,5.108818,-23.859388
revue2presse,2,-34.68404,58.250557
reyitenumah,1,-7.674444,11.064284
rhombics,2,-35.10812,57.570747
rimnewspk,2,-34.98703,56.210182
riporip,2,-35.355797,56.640457
rlieving,2,-35.29576,56.63841
robertabriffa,0,5.148578,-23.727163
robininny,1,-7.710522,11.079629
robinsnewswire,1,0.80621165,18.234512
robo67pineda,2,-35.37817,56.597076
rockcitymark,2,-8.577416,46.51905
rodmickleburgh,2,-35.38367,56.642212
roelgrif,0,5.178629,-24.000845
rogersniki,0,3.8917463,-22.965832
rohitsatyaa,2,-34.827423,57.771267
ronnieClarke69,0,4.8385777,-23.495104
rpujolvives,2,-34.92279,58.702534
ruky_kuky,1,3.4492028,19.475208
rvps2001,2,-35.41105,56.734734
rymasuna,0,5.1582713,-23.300798
s_j0616,0,-10.110099,-7.206957
sabinvaccine,0,4.1854644,-7.345931
sabrinafair222,0,4.8819213,-23.779213
saeedseydmorad1,0,4.829388,-23.92117
safetyfirstind1,1,-9.477984,9.987489
saha_shammi,2,-33.18419,57.216312
saiprak27171795,2,-35.52535,56.616787
saiyaff,0,4.4061985,-23.642128
salloum404,0,-3.127282,-6.8288918
sam_oputa,1,-8.509685,27.547218
samislerin,0,4.233808,-7.2937083
samkj27,1,-1.8540555,16.023062
samserranoham,2,-33.837265,57.423405
sandoly,0,19.920732,-8.839669
sandrajfrank,2,-34.84692,56.11126
sandymmv,2,-36.101383,56.79323
santafefran,0,5.088283,-24.080402
sapienist,0,4.873664,-24.008339
sarmad_qader,0,4.9920325,-23.97131
saundra_barlow,0,5.2976465,-24.046669
sblambo,2,-35.397415,56.63207
scarletmonahan,1,-6.470207,28.678518
scientwest,0,4.977287,-24.176447
scorpiess93,1,-9.062839,27.017746
scotlandjock1,0,1.7934282,-8.078498
scottjanaway,1,-6.129451,28.368473
screenwrites,1,-6.075968,28.227922
scripvibha,0,5.029662,-20.982273
sdgwest396570,1,3.4582334,19.703115
sdownes,1,3.3980289,19.464415
sectest9,2,-35.322247,57.25607
sequoia2001,0,4.577871,-23.551989
sevenangrybirds,0,-10.017475,-7.2020683
sgarrettmc,0,4.6101193,-23.146366
sh93iz,1,-10.116472,10.231011
shahjamal313,1,3.3951254,19.62308
shakti7rk,0,4.561734,-24.087612
sharjah24,2,-34.898483,57.7693
shayteamlove,2,-34.656643,56.627537
shear_top,2,-35.530636,56.651733
shelleypetersen,2,-35.326317,57.871128
shiakatali,1,-6.7703605,28.433199
shillahshan,0,2.1184525,-19.116467
shiremoorpotter,2,-34.368786,57.49003
shrewst,0,4.944495,-24.375607
sifree,0,4.726176,-24.276773
sightmacro,1,-10.072382,10.261292
sillasai19,1,3.191321,18.933346
silverberrygnx,2,-35.29667,57.685555
sjpetherbridge,1,-6.510592,28.252916
skj8728,0,-10.054842,-7.1733017
skullohmania,0,1.8231479,-11.070893
slay4ever007,1,-6.077836,28.38769
smartlyjoan,0,5.1391945,-24.255432
smiller12017,2,-35.49497,56.676556
smitha_tk,2,-33.939133,56.81536
snehiepo,1,2.8976045,18.810503
social2803,0,4.884822,-24.167519
somepplrk,1,-6.079165,28.400112
somtochukwublog,1,-10.088857,10.273603
songbirder74,0,4.8599696,-24.066864
sonoftaiwan,0,4.9357758,-23.900898
soulmist0921,0,-9.959743,-7.170859
soumya_goblue,0,4.873833,-23.82034
sovereignnewsph,0,4.8679876,-24.032654
sowmiyashok,0,4.9142213,-24.316025
spacemakeritois,2,-35.72124,56.96658
spauldingshowal,0,4.872565,-24.084204
splainerin,2,-8.115888,46.84491
sqrutinizer,1,-8.008815,28.221962
sra737,2,-34.624702,56.281883
sroy58432,0,4.548649,-21.693295
srubenfeld,0,-9.9795475,-7.1625295
srv__07,0,0.89431036,-10.369054
stephenjalter,0,2.1489663,-17.999966
stephenslayter,0,4.8946524,-24.170006
stevebeasant,1,-7.6879883,11.005439
steveweinstein,0,5.0268254,-24.218838
stocktradeanon,1,-10.049744,10.39859
strangefruit107,2,-35.428223,56.66672
ststamilnadu,1,-7.746875,11.128698
sty_kenya,1,-6.1117673,28.368559
submergingmkt,0,-9.774019,-7.26533
sudiptamalakar4,0,-10.043033,-7.17598
suepeac,2,-35.524742,56.72383
sukemomo,2,-33.950363,56.810562
sullivan_hh,0,1.2073122,-18.38791
superdumbest,2,-8.612654,46.670364
susanheavey,2,-35.502842,56.729095
syedhas90327344,1,-6.520508,28.609715
t3tragrammat0n,0,5.020479,-21.056103
tEconomics,0,1.8828062,-10.047623
tainowarrior6,1,3.4822655,19.735462
talonlawgroup,0,1.7746762,-19.195927
tammy_sager,1,-6.477988,28.211647
tan_paulus27,0,5.187785,-23.28804
tankovicdamir,0,-9.591023,-6.96331
tartancobweb,1,-7.029545,11.658342
tasftp,2,-35.460526,56.74902
taylorgrayz,0,-9.870901,-7.3592634
tbluvoter,0,4.890118,-24.26412
td21241,1,3.4627752,19.712688
tdzarnick,0,4.6021748,-23.24422
techjunkiejh,1,-6.615944,28.20856
teesbakers,1,-8.415947,19.026089
telugubullet,2,-35.270172,57.699135
terry_newcomb,0,4.9311533,-24.356062
terry_ouko,0,3.2798111,-20.301147
testcorona,2,-34.018505,56.774536
texascheetah,1,2.1075315,19.095007
thandojo,0,4.073672,-7.461714
thats_otis,1,-6.4861383,28.274094
the404code,2,-8.192679,46.40741
theBreakerNews,2,-35.404903,56.66973
the_gere,0,2.1244094,-18.006987
theage,1,-6.334043,28.306152
thedextazlab,2,-36.318558,57.659355
theelviscupguy,1,-6.9512506,11.731122
thefirstindia,1,-6.9201083,28.720182
theonlooknews,2,-33.170536,58.327347
theslimdude,0,4.714726,-23.369637
thevelvetmeow,2,-35.485893,56.67233
thinkLBN,0,-9.943435,-6.9628325
thoughtleaderRN,0,4.256529,-7.290092
tigerbeat,1,3.4013608,19.17169
timileh72052078,1,-9.146847,26.944752
tinfoilted1,1,2.833244,19.118227
tipirneni,0,4.9766765,-24.137796
tired1967,1,-6.04162,28.389679
tmainframedino,0,4.9590063,-23.873203
tmwilliamstmw,2,-34.959602,57.487915
tokyo_phil,1,-6.5035777,28.722942
tolajobjobs,1,2.7275126,19.048553
topicsng,2,-36.35143,57.323437
torontodotcom,2,-35.410606,56.79308
tothelostmonth,0,-10.110718,-7.110501
touchtree_co_uk,0,3.5351386,-21.947254
towhey,2,-8.588456,46.597572
tprzechlewski,2,-35.297512,56.72425
trackntracer,2,-35.39627,56.76479
traytaymakeup,0,5.069756,-24.079586
trendsinAI,2,-8.193425,46.41093
trindent,0,3.3589907,-8.60641
trinitybeach333,0,2.126583,-18.022806
trueinfosekker,0,4.654269,-24.323309
trumpsacrazyman,0,4.0210996,-22.091324
trustingmyvibes,0,4.376885,-22.857716
truth_narrative,1,-6.070665,28.38964
truthtableJCT,2,-8.328945,46.700054
tuan007,1,-8.768009,27.267984
tutornetic,0,3.343282,-8.650885
tviewsusa,0,4.8170767,-24.087376
twishbish,1,-6.135895,28.315144
twitiste1,2,-36.26826,57.620686
twittdeal,2,-8.583689,46.597244
twofoxx,0,3.9048893,-23.003378
udnore,0,4.8143096,-24.213749
uduaketuk24,0,4.9439034,-24.29399
ukahg,1,-6.555021,28.26982
ukrreporter,2,-35.82767,56.40311
umakantsingh_IN,1,-6.0962853,28.39893
umozam,0,4.65929,-24.341915
un_gusanito,1,-8.5334,27.4836
uniindianews,2,-35.39024,56.75633
unique_arsad,2,-35.48174,56.70207
univartaindia1,2,-34.644928,56.228302
uniworldnews,2,-35.602768,56.89533
urbanupdatemgzn,1,-6.7081985,28.449947
vaccine50,1,3.3914785,19.444069
vasana_fai,1,-9.7554655,10.067112
vazeeam,0,-10.080578,-7.2321663
vbrighthorses,0,1.2028217,-18.401249
vccarmi,0,4.4753017,-24.041943
vdpierre9,2,-35.587738,56.92152
vegasguyuk,1,-6.9712124,28.692673
vessybgood,2,-8.653592,46.90378
video4me,2,-35.088715,56.95979
viettha00118981,0,4.6428137,-24.053658
vikram_Singh001,0,4.8138375,-23.677202
vikramml,0,-10.064186,-7.263625
violettemontiel,1,3.4442995,19.733469
viralvideovlogs,1,-8.17982,28.094648
viriyabot,0,4.720606,-23.9677
vitorrians,2,-33.18016,57.226383
vitorrindia,2,-33.187603,57.21708
vka79885,0,5.0852227,-23.27377
vladicostanzo,0,4.805653,-23.764765
vmrwanda,2,-34.042793,58.582073
voicetechglobal,1,-6.13503,28.39758
vojkr_s,1,2.4606009,19.057892
vubblePOP,1,-6.229729,28.535473
vying4equality,0,-10.1785,-7.0387287
waleed_rf,0,-3.153242,-6.7867236
walterbyrd11,0,1.9793434,-9.766868
wavetop,2,-35.445534,56.76813
waxawaneDigits,1,3.2227645,19.292412
wdwgdas,0,1.6928757,-19.041286
webb0412,0,4.735799,-23.937881
weepelt,0,4.53434,-23.903292
wgbarnes615,2,-35.35195,57.72288
whosyourdougie,0,3.6759067,-22.153856
williamsnews24,1,-8.989472,27.076786
withoutcorona19,0,4.6619024,-23.900427
wmasjoshmiller,0,4.6446223,-24.080353
wndrling,0,4.691582,-24.02617
woan,0,4.6722064,-24.089025
world_covid19,0,4.614691,-23.66689
world_news_eng,2,-34.751846,56.38117
wovencity1,1,-7.027007,28.854748
writerseditor,0,4.486855,-23.985971
x_jupiterhart,2,-35.697628,57.12715
xenacosmos,2,-34.53016,56.874725
xhertx,0,4.159989,-7.335789
xiaoya14697539,0,1.9075574,-9.7134075
xjr31,0,4.2709794,-22.026043
xm_rn,2,-35.447933,56.791748
xtom,0,4.6057963,-23.992529
xzxzanalazy,0,1.8894771,-10.0136595
y2xlifesciences,2,-35.42394,56.834953
y_kitman,0,1.9315131,-9.687783
yaaseen1901,1,3.1312487,19.395823
yfzlj,0,1.9454303,-9.68004
yicaichina,0,4.626982,-24.004902
yoMerhongo,2,-34.985943,56.002636
yogendrapal72,1,-7.6112733,29.018211
yogoldsmith,0,4.6804814,-23.962885
youlie4,0,5.0453506,-23.865128
youno849,2,-35.39022,57.657333
youtah,0,3.5958655,-8.267722
yuvan583,0,4.7990236,-23.264305
yuzubestever02,2,-36.236813,56.93663
yychealthnut,0,4.615621,-23.995995
zainliaquat125,1,3.475061,19.539839
zal79,1,3.348913,19.460651
zangaridelbalzo,0,3.9567752,-7.6767526
zephyr9673,1,-6.8782754,28.49367
zhang_heqing,0,1.9040412,-9.722769
zogarreal,1,-8.433498,19.008606
zsoltsandor,2,-34.71582,56.160145
zzposts,2,-34.97153,58.39291
